City_ID,City,Lat,Lng,Max Temp,Humidity,Cloudiness,Wind Speed,Country,Current Description
0,Benghazi,32.1167,20.0667,62.58,84,0,8.14,LY,clear sky
1,Ushuaia,-54.8,-68.3,53.6,54,20,25.32,AR,few clouds
2,Qaanaaq,77.484,-69.3632,-7.26,70,91,1.66,GL,overcast clouds
3,Upernavik,72.7868,-56.1549,-9.85,85,4,7.05,GL,clear sky
4,Qaanaaq,77.484,-69.3632,-7.26,70,91,1.66,GL,overcast clouds
5,Qaanaaq,77.484,-69.3632,-7.26,70,91,1.66,GL,overcast clouds
6,Ushuaia,-54.8,-68.3,53.6,54,20,25.32,AR,few clouds
7,Qaanaaq,77.484,-69.3632,-7.26,70,91,1.66,GL,overcast clouds
8,Saldanha,-33.0117,17.9442,64.44,90,0,7.29,ZA,clear sky
9,Jamestown,42.097,-79.2353,26.01,74,90,3.38,US,overcast clouds
10,Longyearbyen,78.2186,15.6401,-2.2,55,20,20.71,SJ,few clouds
11,Nanortalik,60.1432,-45.2371,31.01,91,100,8.72,GL,overcast clouds
12,Ushuaia,-54.8,-68.3,53.6,54,20,25.32,AR,few clouds
13,Dikson,73.5069,80.5464,-35.93,81,0,8.23,RU,clear sky
14,Qaanaaq,77.484,-69.3632,-4.85,74,99,1.79,GL,overcast clouds
15,Upernavik,72.7868,-56.1549,-9.85,85,4,7.05,GL,clear sky
16,Lamu,-2.2717,40.902,78.8,78,1,8.05,KE,clear sky
17,Dikson,73.5069,80.5464,-35.5,82,0,9.01,RU,clear sky
18,Ushuaia,-54.8,-68.3,53.6,54,20,25.32,AR,few clouds
19,Albany,42.6001,-73.9662,21.0,46,11,5.01,US,few clouds
20,Bredasdorp,-34.5322,20.0403,66.99,83,4,1.99,ZA,clear sky
21,Hermanus,-34.4187,19.2345,66.99,83,2,1.99,ZA,clear sky
22,Mikhaylovka,50.06,43.2379,33.39,93,100,12.39,RU,overcast clouds
23,Aksay,47.26,39.87,39.0,81,20,8.95,RU,few clouds
24,Hermanus,-34.4187,19.2345,66.99,83,2,1.99,ZA,clear sky
25,Hermanus,-34.4187,19.2345,66.99,83,2,1.99,ZA,clear sky
26,Ushuaia,-54.8,-68.3,53.6,54,20,25.32,AR,few clouds
27,Codrington,-38.2667,141.9667,59.13,71,89,6.49,AU,overcast clouds
28,Beira,-19.8436,34.8389,82.4,83,20,9.22,MZ,few clouds
29,Eresos,39.1667,25.9333,51.8,87,40,16.11,GR,scattered clouds
30,Cobija,-11.0267,-68.7692,85.39,58,29,3.33,BO,scattered clouds
31,Ushuaia,-54.8,-68.3,53.6,54,20,25.32,AR,few clouds
32,Ushuaia,-54.8,-68.3,53.6,54,20,25.32,AR,few clouds
33,Longyearbyen,78.2186,15.6401,-2.2,55,20,20.71,SJ,few clouds
34,Jamestown,42.097,-79.2353,26.01,74,90,2.91,US,overcast clouds
35,Ushuaia,-54.8,-68.3,53.6,54,20,25.32,AR,few clouds
36,Ouadda,8.0777,22.4007,76.42,19,45,8.32,CF,scattered clouds
37,Cayenne,4.9333,-52.3333,80.6,94,75,10.36,GF,broken clouds
38,Ushuaia,-54.8,-68.3,53.6,54,20,25.32,AR,few clouds
39,Ushuaia,-54.8,-68.3,53.6,54,20,25.32,AR,few clouds
40,Upernavik,72.7868,-56.1549,-9.85,85,4,7.05,GL,clear sky
41,Longyearbyen,78.2186,15.6401,-2.2,55,20,20.71,SJ,few clouds
42,Qaanaaq,77.484,-69.3632,-7.26,70,91,1.66,GL,overcast clouds
43,Springbok,-29.6643,17.8865,61.05,61,0,3.33,ZA,clear sky
44,Qaanaaq,77.484,-69.3632,-7.26,70,91,1.66,GL,overcast clouds
45,Sur,22.5667,59.5289,66.83,56,0,9.98,OM,clear sky
46,Pangnirtung,66.1451,-65.7125,-9.4,77,20,2.84,CA,few clouds
47,Ushuaia,-54.8,-68.3,53.6,54,20,25.32,AR,few clouds
48,Ushuaia,-54.8,-68.3,53.6,54,20,25.32,AR,few clouds
49,Qaanaaq,77.484,-69.3632,-7.26,70,91,1.66,GL,overcast clouds
50,Havelock,34.8791,-76.9013,43.0,33,1,3.42,US,clear sky
51,Cidreira,-30.1811,-50.2056,78.19,88,100,8.25,BR,moderate rain
52,Dikson,73.5069,80.5464,-35.93,81,0,8.23,RU,clear sky
53,Nuuk,64.1835,-51.7216,17.6,73,20,5.75,GL,few clouds
54,Ushuaia,-54.8,-68.3,53.6,54,20,25.32,AR,few clouds
55,Ushuaia,-54.8,-68.3,53.6,54,20,25.32,AR,few clouds
56,Ushuaia,-54.8,-68.3,53.6,54,20,25.32,AR,few clouds
57,Acarau,-2.8856,-40.12,81.97,71,84,15.19,BR,broken clouds
58,Hermanus,-34.4187,19.2345,66.99,83,2,1.99,ZA,clear sky
59,Qaanaaq,77.484,-69.3632,-7.26,70,91,1.66,GL,overcast clouds
60,Kashi,39.4547,75.9797,24.8,58,44,8.95,CN,scattered clouds
61,Longyearbyen,78.2186,15.6401,-2.2,55,20,20.71,SJ,few clouds
62,Gamboma,-1.8764,15.8644,72.16,86,100,2.19,CG,overcast clouds
63,Baracoa,20.3467,-74.4958,72.99,73,58,12.39,CU,broken clouds
64,Longyearbyen,78.2186,15.6401,-2.2,55,20,20.71,SJ,few clouds
65,Mattru,7.6244,-11.8332,79.07,78,34,5.06,SL,scattered clouds
66,Zharkent,44.1628,80.0,24.01,72,43,1.74,KZ,scattered clouds
67,Hermanus,-34.4187,19.2345,66.99,83,2,1.99,ZA,clear sky
68,Chuy,-33.6971,-53.4616,77.65,66,60,14.58,UY,moderate rain
69,Olafsvik,64.8945,-23.7142,22.5,91,1,19.06,IS,clear sky
70,Ushuaia,-54.8,-68.3,53.6,54,20,25.32,AR,few clouds
71,Dikson,73.5069,80.5464,-35.93,81,0,8.23,RU,clear sky
72,Busselton,-33.65,115.3333,63.0,76,0,4.0,AU,clear sky
73,Qaanaaq,77.484,-69.3632,-7.26,70,91,1.66,GL,overcast clouds
74,Jega,12.2175,4.3792,79.48,16,0,10.83,NG,clear sky
75,Albany,42.6001,-73.9662,21.0,46,11,5.01,US,few clouds
76,Kutum,14.2,24.6667,56.5,32,0,7.65,SD,clear sky
77,Ushuaia,-54.8,-68.3,53.6,54,20,25.32,AR,few clouds
78,Klaksvik,62.2266,-6.589,33.8,86,75,18.41,FO,light intensity drizzle
79,Longyearbyen,78.2186,15.6401,-2.2,55,20,20.71,SJ,few clouds
80,Praia,14.9215,-23.5087,73.4,64,0,18.41,CV,clear sky
81,Bredasdorp,-34.5322,20.0403,66.99,83,4,1.99,ZA,clear sky
82,Ushuaia,-54.8,-68.3,53.6,54,20,25.32,AR,few clouds
83,Lebu,-37.6167,-73.65,62.01,70,8,11.36,CL,clear sky
84,Grindavik,63.8424,-22.4338,23.0,74,20,17.27,IS,few clouds
85,Ushuaia,-54.8,-68.3,53.6,54,20,25.32,AR,few clouds
86,Qaanaaq,77.484,-69.3632,-7.26,70,91,1.66,GL,overcast clouds
87,Upernavik,72.7868,-56.1549,-9.85,85,4,7.05,GL,clear sky
88,Ilulissat,69.2167,-51.1,3.2,66,75,8.05,GL,broken clouds
89,Qaanaaq,77.484,-69.3632,-7.26,70,91,1.66,GL,overcast clouds
90,Ushuaia,-54.8,-68.3,53.6,54,20,25.32,AR,few clouds
91,Maniitsoq,65.4167,-52.9,13.3,81,0,11.61,GL,clear sky
92,Bredasdorp,-34.5322,20.0403,66.99,83,4,1.99,ZA,clear sky
93,Georgetown,5.4112,100.3354,80.01,78,20,3.44,MY,few clouds
94,Znamenskoye,57.1281,73.8282,-0.63,93,100,10.65,RU,overcast clouds
95,Upernavik,72.7868,-56.1549,-9.85,85,4,7.05,GL,clear sky
96,Matara,5.9485,80.5353,76.19,88,97,3.89,LK,overcast clouds
97,Qaanaaq,77.484,-69.3632,-7.26,70,91,1.66,GL,overcast clouds
98,Bengkulu,-3.8004,102.2655,75.34,88,100,5.84,ID,overcast clouds
99,Albany,42.6001,-73.9662,21.0,46,11,5.01,US,few clouds
100,Ushuaia,-54.8,-68.3,53.6,54,20,25.32,AR,few clouds
101,Busselton,-33.65,115.3333,63.0,76,0,4.0,AU,clear sky
102,Nanortalik,60.1432,-45.2371,32.13,90,100,8.68,GL,overcast clouds
103,Longyearbyen,78.2186,15.6401,-2.2,55,20,20.71,SJ,few clouds
104,Ushuaia,-54.8,-68.3,53.6,54,20,25.32,AR,few clouds
105,Ushuaia,-54.8,-68.3,53.6,54,20,25.32,AR,few clouds
106,Longyearbyen,78.2186,15.6401,-2.2,55,20,20.71,SJ,few clouds
107,Luanda,-8.8368,13.2343,80.6,74,40,6.91,AO,scattered clouds
108,Ushuaia,-54.8,-68.3,53.6,54,20,25.32,AR,few clouds
109,Ushuaia,-54.8,-68.3,53.6,54,20,25.32,AR,few clouds
110,Qaanaaq,77.484,-69.3632,-7.26,70,91,1.66,GL,overcast clouds
111,Albany,42.6001,-73.9662,21.0,46,11,5.01,US,few clouds
112,Ushuaia,-54.8,-68.3,53.6,54,20,25.32,AR,few clouds
113,Busselton,-33.65,115.3333,63.0,76,0,4.0,AU,clear sky
114,Albany,42.6001,-73.9662,21.0,46,11,5.01,US,few clouds
115,Dikson,73.5069,80.5464,-35.93,81,0,8.23,RU,clear sky
116,Mitsamiouli,-11.3847,43.2844,82.24,76,100,9.06,KM,overcast clouds
117,Douglas,41.3,-96.167,36.0,93,90,14.97,US,light rain
118,Qaanaaq,77.484,-69.3632,-7.26,70,91,1.66,GL,overcast clouds
119,Albany,42.6001,-73.9662,21.0,46,11,5.01,US,few clouds
120,Qaanaaq,77.484,-69.3632,-7.26,70,91,1.66,GL,overcast clouds
121,Ushuaia,-54.8,-68.3,53.6,54,20,25.32,AR,few clouds
122,Qaanaaq,77.484,-69.3632,-7.26,70,91,1.66,GL,overcast clouds
123,Ushuaia,-54.8,-68.3,53.6,54,20,25.32,AR,few clouds
124,Asyut,27.181,31.1837,53.6,54,0,4.61,EG,clear sky
125,Hithadhoo,-0.6,73.0833,82.31,77,45,15.43,MV,scattered clouds
126,Ushuaia,-54.8,-68.3,53.6,54,20,25.32,AR,few clouds
127,Dikson,73.5069,80.5464,-35.93,81,0,8.23,RU,clear sky
128,Narsaq,60.9167,-46.05,39.2,35,75,35.68,GL,broken clouds
129,Hermanus,-34.4187,19.2345,66.99,83,2,1.99,ZA,clear sky
130,Dikson,73.5069,80.5464,-35.93,81,0,8.23,RU,clear sky
131,Bredasdorp,-34.5322,20.0403,66.99,83,4,1.99,ZA,clear sky
132,Georgetown,5.4112,100.3354,80.01,78,20,3.44,MY,few clouds
133,Georgetown,5.4112,100.3354,80.01,78,20,3.44,MY,few clouds
134,Tazovskiy,67.4667,78.7,-27.62,82,100,12.91,RU,overcast clouds
135,Jumla,29.2747,82.1838,30.78,62,0,3.53,NP,clear sky
136,Bredasdorp,-34.5322,20.0403,66.99,83,4,1.99,ZA,clear sky
137,Monroe,43.1501,-77.6831,25.0,63,75,12.66,US,broken clouds
138,Upernavik,72.7868,-56.1549,-9.85,85,4,7.05,GL,clear sky
139,Ushuaia,-54.8,-68.3,53.6,54,20,25.32,AR,few clouds
140,Ushuaia,-54.8,-68.3,53.6,54,20,25.32,AR,few clouds
141,Qaanaaq,77.484,-69.3632,-7.26,70,91,1.66,GL,overcast clouds
142,Longyearbyen,78.2186,15.6401,-2.2,55,20,20.71,SJ,few clouds
143,Albany,42.6001,-73.9662,21.0,46,11,5.01,US,few clouds
144,Vardo,70.3705,31.1107,24.96,96,100,21.32,NO,light snow
145,Dikson,73.5069,80.5464,-35.93,81,0,8.23,RU,clear sky
146,Dikson,73.5069,80.5464,-35.93,81,0,8.23,RU,clear sky
147,Dikson,73.5069,80.5464,-35.93,81,0,8.23,RU,clear sky
148,Ushuaia,-54.8,-68.3,53.6,54,20,25.32,AR,few clouds
149,Bredasdorp,-34.5322,20.0403,66.99,83,4,1.99,ZA,clear sky
150,Qaanaaq,77.484,-69.3632,-7.26,70,91,1.66,GL,overcast clouds
151,Bredasdorp,-34.5322,20.0403,66.99,83,4,1.99,ZA,clear sky
152,Dikson,73.5069,80.5464,-35.93,81,0,8.23,RU,clear sky
153,Bredasdorp,-34.5322,20.0403,66.99,83,4,1.99,ZA,clear sky
154,Mahebourg,-20.4081,57.7,78.8,89,75,8.05,MU,light rain
155,Ushuaia,-54.8,-68.3,53.6,54,20,25.32,AR,few clouds
156,Ushuaia,-54.8,-68.3,53.6,54,20,25.32,AR,few clouds
157,Ushuaia,-54.8,-68.3,53.6,54,20,25.32,AR,few clouds
158,Semnan,35.5729,53.3971,41.5,64,12,3.33,IR,few clouds
159,Albany,42.6001,-73.9662,21.0,46,11,5.01,US,few clouds
160,Doha,25.2867,51.5333,68.0,60,0,11.5,QA,clear sky
161,Oskarshamn,57.2645,16.4484,25.0,100,83,4.61,SE,broken clouds
162,Dale,38.1689,-86.99,41.0,81,90,10.36,US,light rain
163,Pangnirtung,66.1451,-65.7125,-9.4,77,20,2.84,CA,few clouds
164,Geraldton,-28.7667,114.6,84.2,24,0,18.41,AU,clear sky
165,Qaanaaq,77.484,-69.3632,-7.26,70,91,1.66,GL,overcast clouds
166,Dikson,73.5069,80.5464,-35.93,81,0,8.23,RU,clear sky
167,Dikson,73.5069,80.5464,-35.93,81,0,8.23,RU,clear sky
168,Qaanaaq,77.484,-69.3632,-7.26,70,91,1.66,GL,overcast clouds
169,Albany,42.6001,-73.9662,21.0,46,11,5.01,US,few clouds
170,Ushuaia,-54.8,-68.3,53.6,54,20,25.32,AR,few clouds
171,Ushuaia,-54.8,-68.3,53.6,54,20,25.32,AR,few clouds
172,Bredasdorp,-34.5322,20.0403,66.99,83,4,1.99,ZA,clear sky
173,Dikson,73.5069,80.5464,-35.93,81,0,8.23,RU,clear sky
174,Dikson,73.5069,80.5464,-35.93,81,0,8.23,RU,clear sky
175,Dikson,73.5069,80.5464,-35.93,81,0,8.23,RU,clear sky
176,Seminole,28.7086,-81.2081,73.99,40,20,5.75,US,few clouds
177,Trairi,-3.2778,-39.2689,80.73,75,50,11.05,BR,scattered clouds
178,Ushuaia,-54.8,-68.3,53.6,54,20,25.32,AR,few clouds
179,Longyearbyen,78.2186,15.6401,-2.2,55,20,20.71,SJ,few clouds
180,Bredasdorp,-34.5322,20.0403,66.99,83,4,1.99,ZA,clear sky
181,Albany,42.6001,-73.9662,21.0,46,11,5.01,US,few clouds
182,Ushuaia,-54.8,-68.3,53.6,54,20,25.32,AR,few clouds
183,Qaanaaq,77.484,-69.3632,-7.26,70,91,1.66,GL,overcast clouds
184,Hermanus,-34.4187,19.2345,66.99,83,2,1.99,ZA,clear sky
185,Qaanaaq,77.484,-69.3632,-7.26,70,91,1.66,GL,overcast clouds
186,Berlevag,70.8578,29.0864,25.05,96,100,22.66,NO,light snow
187,Shelburne,44.0787,-80.2041,26.6,73,1,6.91,CA,clear sky
188,Busselton,-33.65,115.3333,63.0,76,0,4.0,AU,clear sky
189,Qaanaaq,77.484,-69.3632,-7.26,70,91,1.66,GL,overcast clouds
190,Longyearbyen,78.2186,15.6401,-2.2,55,20,20.71,SJ,few clouds
191,Jalu,29.0331,21.5482,62.04,40,0,10.67,LY,clear sky
192,Ushuaia,-54.8,-68.3,53.6,54,20,25.32,AR,few clouds
193,Busselton,-33.65,115.3333,63.0,76,0,4.0,AU,clear sky
194,Ushuaia,-54.8,-68.3,53.6,54,20,25.32,AR,few clouds
195,Busselton,-33.65,115.3333,63.0,76,0,4.0,AU,clear sky
196,Ushuaia,-54.8,-68.3,53.6,54,20,25.32,AR,few clouds
197,Ushuaia,-54.8,-68.3,53.6,54,20,25.32,AR,few clouds
198,Qaanaaq,77.484,-69.3632,-7.26,70,91,1.66,GL,overcast clouds
199,Albany,42.6001,-73.9662,21.0,46,11,5.01,US,few clouds
200,Qaanaaq,77.484,-69.3632,-7.26,70,91,1.66,GL,overcast clouds
201,Polis,35.0367,32.4264,64.4,77,75,24.16,CY,moderate rain
202,Ushuaia,-54.8,-68.3,53.6,54,20,25.32,AR,few clouds
203,Ushuaia,-54.8,-68.3,53.6,54,20,25.32,AR,few clouds
204,Ushuaia,-54.8,-68.3,53.6,54,20,25.32,AR,few clouds
205,Cidreira,-30.1811,-50.2056,78.19,88,100,8.25,BR,moderate rain
206,Bredasdorp,-34.5322,20.0403,66.99,83,4,1.99,ZA,clear sky
207,Albany,42.6001,-73.9662,21.0,46,11,5.01,US,few clouds
208,Albany,42.6001,-73.9662,21.0,46,11,5.01,US,few clouds
209,Qaanaaq,77.484,-69.3632,-7.26,70,91,1.66,GL,overcast clouds
210,Ushuaia,-54.8,-68.3,53.6,54,20,25.32,AR,few clouds
211,Chuy,-33.6971,-53.4616,77.65,66,60,14.58,UY,moderate rain
212,Ushuaia,-54.8,-68.3,53.6,54,20,25.32,AR,few clouds
213,Saint-Honore,48.5334,-71.0824,6.01,66,100,10.36,CA,overcast clouds
214,Qaanaaq,77.484,-69.3632,-7.26,70,91,1.66,GL,overcast clouds
215,Ushuaia,-54.8,-68.3,53.6,54,20,25.32,AR,few clouds
216,Busselton,-33.65,115.3333,63.0,76,0,4.0,AU,clear sky
217,Brazzaville,-4.2658,15.2832,75.2,94,100,2.95,CG,overcast clouds
218,Ushuaia,-54.8,-68.3,53.6,54,20,25.32,AR,few clouds
219,Albany,42.6001,-73.9662,21.0,46,11,5.01,US,few clouds
220,Hermanus,-34.4187,19.2345,66.99,83,2,1.99,ZA,clear sky
221,Busselton,-33.65,115.3333,63.0,76,0,4.0,AU,clear sky
222,Albany,42.6001,-73.9662,21.0,46,11,5.01,US,few clouds
223,Tromso,69.6496,18.957,19.99,85,0,2.3,NO,clear sky
224,Bredasdorp,-34.5322,20.0403,66.99,83,4,1.99,ZA,clear sky
225,Busselton,-33.65,115.3333,63.0,76,0,4.0,AU,clear sky
226,Iquitos,-3.7481,-73.2472,89.6,66,40,6.91,PE,scattered clouds
227,Hermanus,-34.4187,19.2345,66.99,83,2,1.99,ZA,clear sky
228,Albany,42.6001,-73.9662,21.0,46,11,5.01,US,few clouds
229,Paita,-5.0892,-81.1144,87.8,51,75,17.27,PE,broken clouds
230,Torbay,47.6666,-52.7314,30.0,86,90,10.36,CA,overcast clouds
231,Murgab,37.4966,61.9714,50.0,57,75,7.31,TM,broken clouds
232,Salekhard,66.53,66.6019,-18.98,87,100,8.16,RU,overcast clouds
233,Meulaboh,4.1363,96.1285,75.24,85,62,4.54,ID,broken clouds
234,Dikson,73.5069,80.5464,-35.93,81,0,8.23,RU,clear sky
235,Bubaque,11.2833,-15.8333,79.21,67,44,12.41,GW,scattered clouds
236,Ushuaia,-54.8,-68.3,53.6,54,20,25.32,AR,few clouds
237,Qaanaaq,77.484,-69.3632,-7.26,70,91,1.66,GL,overcast clouds
238,Jamestown,42.097,-79.2353,26.01,74,90,2.91,US,overcast clouds
239,Grindavik,63.8424,-22.4338,23.0,74,20,17.27,IS,few clouds
240,Mahajanga,-15.7167,46.3167,77.0,94,40,4.61,MG,moderate rain
241,Ushuaia,-54.8,-68.3,53.6,54,20,25.32,AR,few clouds
242,Teguldet,57.3064,88.1667,-28.01,84,0,3.6,RU,clear sky
243,Calamar,10.2511,-74.9146,87.8,62,40,18.41,CO,scattered clouds
244,Alanya,36.5438,31.9998,59.0,72,75,33.38,TR,light rain
245,Qaanaaq,77.484,-69.3632,-7.26,70,91,1.66,GL,overcast clouds
246,Chuy,-33.6971,-53.4616,77.65,66,60,14.58,UY,moderate rain
247,Antofagasta,-23.65,-70.4,75.0,64,20,16.11,CL,few clouds
248,Bredasdorp,-34.5322,20.0403,66.99,83,4,1.99,ZA,clear sky
249,Caravelas,-17.7125,-39.2481,78.73,75,0,7.47,BR,clear sky
250,Tasiilaq,65.6145,-37.6368,19.4,38,75,18.41,GL,broken clouds
251,Upernavik,72.7868,-56.1549,-9.85,85,4,7.05,GL,clear sky
252,Albany,42.6001,-73.9662,21.0,46,11,5.01,US,few clouds
253,Longyearbyen,78.2186,15.6401,-2.2,55,20,20.71,SJ,few clouds
254,Longyearbyen,78.2186,15.6401,-2.2,55,20,20.71,SJ,few clouds
255,Ushuaia,-54.8,-68.3,53.6,54,20,25.32,AR,few clouds
256,Rozkishne,48.5074,39.3004,37.72,78,100,11.77,UA,overcast clouds
257,Trelew,-43.249,-65.3051,66.96,35,0,19.46,AR,clear sky
258,Touros,-5.1989,-35.4608,82.4,69,20,11.5,BR,few clouds
259,Ushuaia,-54.8,-68.3,53.6,54,20,25.32,AR,few clouds
260,Bredasdorp,-34.5322,20.0403,66.99,83,4,1.99,ZA,clear sky
261,Qaanaaq,77.484,-69.3632,-7.26,70,91,1.66,GL,overcast clouds
262,Marawi,7.9986,124.2928,75.99,88,97,1.99,PH,overcast clouds
263,Yabrud,33.9674,36.6574,44.6,87,40,8.05,SY,scattered clouds
264,Ushuaia,-54.8,-68.3,53.6,54,20,25.32,AR,few clouds
265,Albany,42.6001,-73.9662,21.0,46,11,5.01,US,few clouds
266,Ushuaia,-54.8,-68.3,53.6,54,20,25.32,AR,few clouds
267,Ushuaia,-54.8,-68.3,53.6,54,20,25.32,AR,few clouds
268,Ushuaia,-54.8,-68.3,53.6,54,20,25.32,AR,few clouds
269,Dikson,73.5069,80.5464,-35.93,81,0,8.23,RU,clear sky
270,Spiridonovka,53.0925,50.6462,28.4,93,75,6.71,RU,broken clouds
271,Qaanaaq,77.484,-69.3632,-7.26,70,91,1.66,GL,overcast clouds
272,Bredasdorp,-34.5322,20.0403,66.99,83,4,1.99,ZA,clear sky
273,Oswego,43.4501,-76.1497,21.99,68,90,10.36,US,overcast clouds
274,Vestmanna,62.1564,-7.1664,33.8,86,75,18.41,FO,light snow
275,Ushuaia,-54.8,-68.3,53.6,54,20,25.32,AR,few clouds
276,Ushuaia,-54.8,-68.3,53.6,54,20,25.32,AR,few clouds
277,Qaanaaq,77.484,-69.3632,-7.26,70,91,1.66,GL,overcast clouds
278,Ushuaia,-54.8,-68.3,53.6,54,20,25.32,AR,few clouds
279,Bredasdorp,-34.5322,20.0403,66.99,83,4,1.99,ZA,clear sky
280,Hithadhoo,-0.6,73.0833,82.31,77,45,15.43,MV,scattered clouds
281,Saldanha,-33.0117,17.9442,64.94,90,0,8.97,ZA,clear sky
282,Tiznit,29.5833,-9.5,56.64,84,28,3.4,MA,scattered clouds
283,Bredasdorp,-34.5322,20.0403,66.99,83,4,1.99,ZA,clear sky
284,Dikson,73.5069,80.5464,-35.93,81,0,8.23,RU,clear sky
285,Salinopolis,-0.6136,-47.3561,79.99,86,100,11.79,BR,overcast clouds
286,Longyearbyen,78.2186,15.6401,-2.2,55,20,20.71,SJ,few clouds
287,Upernavik,72.7868,-56.1549,-9.85,85,4,7.05,GL,clear sky
288,Hambantota,6.1241,81.1185,77.27,81,95,11.05,LK,overcast clouds
289,Ushuaia,-54.8,-68.3,53.6,54,20,25.32,AR,few clouds
290,Dikson,73.5069,80.5464,-35.93,81,0,8.23,RU,clear sky
291,Ushuaia,-54.8,-68.3,53.6,54,20,25.32,AR,few clouds
292,Manavalakurichi,8.1333,77.3,82.4,74,20,6.44,IN,mist
293,Qaanaaq,77.484,-69.3632,-7.26,70,91,1.66,GL,overcast clouds
294,Iqaluit,63.7506,-68.5145,-9.0,77,20,18.41,CA,snow
295,Jijiga,9.35,42.8,59.61,45,0,8.34,ET,clear sky
296,Longyearbyen,78.2186,15.6401,-2.2,55,20,20.71,SJ,few clouds
297,Dikson,73.5069,80.5464,-35.93,81,0,8.23,RU,clear sky
298,Hermanus,-34.4187,19.2345,66.99,83,2,1.99,ZA,clear sky
299,Jurado,7.1053,-77.7641,82.62,69,94,3.91,CO,overcast clouds
300,Dikson,73.5069,80.5464,-35.93,81,0,8.23,RU,clear sky
301,Tasiilaq,65.6145,-37.6368,19.4,38,75,18.41,GL,broken clouds
302,Qaanaaq,77.484,-69.3632,-7.26,70,91,1.66,GL,overcast clouds
303,Longyearbyen,78.2186,15.6401,-2.2,55,20,20.71,SJ,few clouds
304,Carnarvon,-24.8667,113.6333,80.6,94,17,6.91,AU,few clouds
305,Kruisfontein,-34.0033,24.7314,64.99,80,1,1.7,ZA,clear sky
306,Berlevag,70.8578,29.0864,25.05,96,100,22.66,NO,light snow
307,Bredasdorp,-34.5322,20.0403,66.99,83,4,1.99,ZA,clear sky
308,Longyearbyen,78.2186,15.6401,-2.2,55,20,20.71,SJ,few clouds
309,Ushuaia,-54.8,-68.3,53.6,54,20,25.32,AR,few clouds
310,Ushuaia,-54.8,-68.3,53.6,54,20,25.32,AR,few clouds
311,Saldanha,-33.0117,17.9442,64.94,90,0,8.97,ZA,clear sky
312,Busselton,-33.65,115.3333,63.0,76,0,4.0,AU,clear sky
313,Longyearbyen,78.2186,15.6401,-2.2,55,20,20.71,SJ,few clouds
314,Ushuaia,-54.8,-68.3,53.6,54,20,25.32,AR,few clouds
315,Bredasdorp,-34.5322,20.0403,66.99,83,4,1.99,ZA,clear sky
316,Port-Gentil,-0.7193,8.7815,82.4,78,20,4.61,GA,light rain
317,Ushuaia,-54.8,-68.3,53.6,54,20,25.32,AR,few clouds
318,Copiapo,-27.3667,-70.3333,69.8,64,75,11.5,CL,broken clouds
319,Qaanaaq,77.484,-69.3632,-7.26,70,91,1.66,GL,overcast clouds
320,Ushuaia,-54.8,-68.3,53.6,54,20,25.32,AR,few clouds
321,Longyearbyen,78.2186,15.6401,-2.2,55,20,20.71,SJ,few clouds
322,Ushuaia,-54.8,-68.3,53.6,54,20,25.32,AR,few clouds
323,Ushuaia,-54.8,-68.3,53.6,54,20,25.32,AR,few clouds
324,Ushuaia,-54.8,-68.3,53.6,54,20,25.32,AR,few clouds
325,Ushuaia,-54.8,-68.3,53.6,54,20,25.32,AR,few clouds
326,Albany,42.6001,-73.9662,21.0,46,11,5.01,US,few clouds
327,Ushuaia,-54.8,-68.3,53.6,54,20,25.32,AR,few clouds
328,Upernavik,72.7868,-56.1549,-9.85,85,4,7.05,GL,clear sky
329,Ushuaia,-54.8,-68.3,53.6,54,20,25.32,AR,few clouds
330,Dikson,73.5069,80.5464,-35.93,81,0,8.23,RU,clear sky
331,Ushuaia,-54.8,-68.3,53.6,54,20,25.32,AR,few clouds
332,Qaanaaq,77.484,-69.3632,-7.26,70,91,1.66,GL,overcast clouds
333,Suluq,31.6682,20.2521,58.96,86,0,5.95,LY,clear sky
334,Qaanaaq,77.484,-69.3632,-7.26,70,91,1.66,GL,overcast clouds
335,Qaanaaq,77.484,-69.3632,-7.26,70,91,1.66,GL,overcast clouds
336,Saint-Philippe,-21.3585,55.7679,78.8,65,0,3.44,RE,clear sky
337,Busselton,-33.65,115.3333,63.0,76,0,4.0,AU,clear sky
338,Longyearbyen,78.2186,15.6401,-2.2,55,20,20.71,SJ,few clouds
339,Hermanus,-34.4187,19.2345,66.99,83,2,1.99,ZA,clear sky
340,Shache,38.4167,77.2406,20.98,87,0,0.78,CN,clear sky
341,Qaanaaq,77.484,-69.3632,-7.26,70,91,1.66,GL,overcast clouds
342,Longyearbyen,78.2186,15.6401,-2.2,55,20,20.71,SJ,few clouds
343,Brae,60.3964,-1.353,37.4,75,40,9.22,GB,scattered clouds
344,Hithadhoo,-0.6,73.0833,82.31,77,45,15.43,MV,scattered clouds
345,Barkot,30.8167,78.2,42.03,51,0,3.4,IN,clear sky
346,Bredasdorp,-34.5322,20.0403,66.99,83,4,1.99,ZA,clear sky
347,Olafsvik,64.8945,-23.7142,22.5,91,1,19.06,IS,clear sky
348,Busselton,-33.65,115.3333,63.0,76,0,4.0,AU,clear sky
349,Sainte-Marie,-20.8968,55.5496,80.6,69,40,10.36,RE,scattered clouds
350,Albany,42.6001,-73.9662,21.0,46,11,5.01,US,few clouds
351,Ushuaia,-54.8,-68.3,53.6,54,20,25.32,AR,few clouds
352,Longyearbyen,78.2186,15.6401,-2.2,55,20,20.71,SJ,few clouds
353,Hermanus,-34.4187,19.2345,66.99,83,2,1.99,ZA,clear sky
354,Dikson,73.5069,80.5464,-35.93,81,0,8.23,RU,clear sky
355,Ushuaia,-54.8,-68.3,53.6,54,20,25.32,AR,few clouds
356,Narsaq,60.9167,-46.05,39.2,35,75,35.68,GL,broken clouds
357,Vardo,70.3705,31.1107,24.96,96,100,21.32,NO,light snow
358,Ushuaia,-54.8,-68.3,53.6,54,20,25.32,AR,few clouds
359,Qaanaaq,77.484,-69.3632,-7.26,70,91,1.66,GL,overcast clouds
360,Ushuaia,-54.8,-68.3,53.6,54,20,25.32,AR,few clouds
361,Hermanus,-34.4187,19.2345,66.99,83,2,1.99,ZA,clear sky
362,Seguela,7.9611,-6.6731,87.82,30,64,4.29,CI,broken clouds
363,Upernavik,72.7868,-56.1549,-9.85,85,4,7.05,GL,clear sky
364,Qaanaaq,77.484,-69.3632,-7.26,70,91,1.66,GL,overcast clouds
365,Nizwa,22.9333,57.5333,56.97,54,0,2.06,OM,clear sky
366,Saint-Philippe,-21.3585,55.7679,78.8,65,0,3.44,RE,clear sky
367,Longyearbyen,78.2186,15.6401,-2.2,55,20,20.71,SJ,few clouds
368,Albany,42.6001,-73.9662,21.0,46,11,5.01,US,few clouds
369,Fougamou,-1.2154,10.5838,74.84,91,100,1.83,GA,overcast clouds
370,Longyearbyen,78.2186,15.6401,-2.2,55,20,20.71,SJ,few clouds
371,Sawakin,19.1059,37.3321,71.28,68,23,11.45,SD,few clouds
372,Upernavik,72.7868,-56.1549,-9.85,85,4,7.05,GL,clear sky
373,Saldanha,-33.0117,17.9442,64.94,90,0,8.97,ZA,clear sky
374,Keetmanshoop,-26.5833,18.1333,81.68,15,0,12.97,NA,clear sky
375,Kruisfontein,-34.0033,24.7314,64.99,80,1,1.7,ZA,clear sky
376,Longyearbyen,78.2186,15.6401,-2.2,55,20,20.71,SJ,few clouds
377,Jamestown,42.097,-79.2353,26.01,74,90,2.91,US,overcast clouds
378,Albany,42.6001,-73.9662,21.0,46,11,5.01,US,few clouds
379,Hermanus,-34.4187,19.2345,66.99,83,2,1.99,ZA,clear sky
380,Lasa,46.6166,10.7002,37.99,100,90,4.61,IT,light snow
381,Longyearbyen,78.2186,15.6401,-2.2,55,20,20.71,SJ,few clouds
382,Nortelandia,-14.4547,-56.8028,85.71,66,93,1.97,BR,overcast clouds
383,Ushuaia,-54.8,-68.3,53.6,54,20,25.32,AR,few clouds
384,Dikson,73.5069,80.5464,-35.93,81,0,8.23,RU,clear sky
385,Dikson,73.5069,80.5464,-35.93,81,0,8.23,RU,clear sky
386,Krasnoselkup,65.7,82.4667,-29.2,81,93,9.53,RU,overcast clouds
387,Jamestown,42.097,-79.2353,26.01,74,90,2.91,US,overcast clouds
388,Bredasdorp,-34.5322,20.0403,66.99,83,4,1.99,ZA,clear sky
389,Dikson,73.5069,80.5464,-35.93,81,0,8.23,RU,clear sky
390,Laguna,38.421,-121.4238,59.0,54,1,5.75,US,clear sky
391,Aras,42.5617,-2.356,45.0,91,88,1.01,ES,overcast clouds
392,Ushuaia,-54.8,-68.3,53.6,54,20,25.32,AR,few clouds
393,Bredasdorp,-34.5322,20.0403,66.99,83,4,1.99,ZA,clear sky
394,Solwezi,-12.1688,26.3894,63.43,93,100,2.1,ZM,overcast clouds
395,Hobyo,5.3505,48.5268,75.51,78,7,15.12,SO,clear sky
396,Longyearbyen,78.2186,15.6401,-2.2,55,20,20.71,SJ,few clouds
397,Dikson,73.5069,80.5464,-35.93,81,0,8.23,RU,clear sky
398,Eganville,45.5334,-77.0994,19.0,49,1,4.61,CA,clear sky
399,Ushuaia,-54.8,-68.3,53.6,54,20,25.32,AR,few clouds
400,Ilulissat,69.2167,-51.1,3.2,66,75,8.05,GL,broken clouds
401,Makueni,-1.8041,37.6203,62.92,87,100,3.74,KE,overcast clouds
402,Ushuaia,-54.8,-68.3,53.6,54,20,25.32,AR,few clouds
403,Longyearbyen,78.2186,15.6401,-2.2,55,20,20.71,SJ,few clouds
404,Chuy,-33.6971,-53.4616,77.65,66,60,14.58,UY,moderate rain
405,Qaanaaq,77.484,-69.3632,-7.26,70,91,1.66,GL,overcast clouds
406,Ushuaia,-54.8,-68.3,53.6,54,20,25.32,AR,few clouds
407,Zabol,32.25,67.25,38.79,56,0,3.91,AF,clear sky
408,Achi,8.5682,-74.554,94.17,37,54,2.82,CO,broken clouds
409,Dikson,73.5069,80.5464,-35.93,81,0,8.23,RU,clear sky
410,Taoudenni,22.6783,-3.9836,73.83,19,0,9.75,ML,clear sky
411,Tasiilaq,65.6145,-37.6368,19.4,38,75,18.41,GL,broken clouds
412,Qaanaaq,77.484,-69.3632,-7.26,70,91,1.66,GL,overcast clouds
413,Hithadhoo,-0.6,73.0833,82.31,77,45,15.43,MV,scattered clouds
414,Qaanaaq,77.484,-69.3632,-7.26,70,91,1.66,GL,overcast clouds
415,Qaanaaq,77.484,-69.3632,-7.26,70,91,1.66,GL,overcast clouds
416,Ushuaia,-54.8,-68.3,53.6,54,20,25.32,AR,few clouds
417,Ushuaia,-54.8,-68.3,53.6,54,20,25.32,AR,few clouds
418,Ushuaia,-54.8,-68.3,53.6,54,20,25.32,AR,few clouds
419,Kharan,28.5833,65.4167,57.15,29,1,4.14,PK,clear sky
420,Qaanaaq,77.484,-69.3632,-7.26,70,91,1.66,GL,overcast clouds
421,Ushuaia,-54.8,-68.3,53.6,54,20,25.32,AR,few clouds
422,Dikson,73.5069,80.5464,-35.93,81,0,8.23,RU,clear sky
423,Georgetown,5.4112,100.3354,80.01,78,20,3.44,MY,few clouds
424,Bredasdorp,-34.5322,20.0403,66.99,83,4,1.99,ZA,clear sky
425,Petrove,48.3247,33.2562,42.8,87,90,15.66,UA,overcast clouds
426,Chuy,-33.6971,-53.4616,77.65,66,60,14.58,UY,moderate rain
427,Vardo,70.3705,31.1107,24.96,96,100,21.32,NO,light snow
428,Ushuaia,-54.8,-68.3,53.6,54,20,25.32,AR,few clouds
429,Bredasdorp,-34.5322,20.0403,66.99,83,4,1.99,ZA,clear sky
430,Busselton,-33.65,115.3333,63.0,76,0,4.0,AU,clear sky
431,Ushuaia,-54.8,-68.3,53.6,54,20,25.32,AR,few clouds
432,Draguignan,43.5333,6.4667,51.01,81,100,6.91,FR,overcast clouds
433,Ushuaia,-54.8,-68.3,53.6,54,20,25.32,AR,few clouds
434,Albany,42.6001,-73.9662,21.0,46,11,5.01,US,few clouds
435,Ushuaia,-54.8,-68.3,53.6,54,20,25.32,AR,few clouds
436,Hermanus,-34.4187,19.2345,66.99,83,2,1.99,ZA,clear sky
437,Menongue,-14.6585,17.691,64.11,91,100,3.65,AO,light rain
438,Ushuaia,-54.8,-68.3,53.6,54,20,25.32,AR,few clouds
439,Buchanan,5.8808,-10.0467,80.6,83,75,6.85,LR,mist
440,Gat,31.61,34.7642,55.0,58,0,4.0,IL,clear sky
441,Ushuaia,-54.8,-68.3,53.6,54,20,25.32,AR,few clouds
442,Bredasdorp,-34.5322,20.0403,66.99,83,4,1.99,ZA,clear sky
443,Longyearbyen,78.2186,15.6401,-2.2,55,20,20.71,SJ,few clouds
444,Ushuaia,-54.8,-68.3,53.6,54,20,25.32,AR,few clouds
445,Dikson,73.5069,80.5464,-35.93,81,0,8.23,RU,clear sky
446,Ushuaia,-54.8,-68.3,53.6,54,20,25.32,AR,few clouds
447,Khash,28.2211,61.2158,51.98,42,0,7.43,IR,clear sky
448,Ushuaia,-54.8,-68.3,53.6,54,20,25.32,AR,few clouds
449,Ushuaia,-54.8,-68.3,53.6,54,20,25.32,AR,few clouds
450,Longyearbyen,78.2186,15.6401,-2.2,55,20,20.71,SJ,few clouds
451,Hermanus,-34.4187,19.2345,66.99,83,2,1.99,ZA,clear sky
452,Mehamn,71.0357,27.8492,25.25,96,100,22.03,NO,light snow
453,Lagoa,39.05,-27.9833,61.92,91,73,27.6,PT,broken clouds
454,Bredasdorp,-34.5322,20.0403,66.99,83,4,1.99,ZA,clear sky
455,Copiapo,-27.3667,-70.3333,69.8,64,75,11.5,CL,broken clouds
456,Sawakin,19.1059,37.3321,71.28,68,23,11.45,SD,few clouds
457,Tasiilaq,65.6145,-37.6368,19.4,38,75,18.41,GL,broken clouds
458,Goderich,43.7501,-81.7165,26.6,68,100,3.44,CA,overcast clouds
459,Aripuana,-9.1667,-60.6333,81.14,89,75,4.12,BR,broken clouds
460,Margate,51.3813,1.3862,39.99,81,99,4.0,GB,overcast clouds
461,Albany,42.6001,-73.9662,21.0,46,11,5.01,US,few clouds
462,Ushuaia,-54.8,-68.3,53.6,54,20,25.32,AR,few clouds
463,Hermanus,-34.4187,19.2345,66.99,83,2,1.99,ZA,clear sky
464,Koutiala,12.3917,-5.4642,79.03,16,0,7.96,ML,clear sky
465,Qaanaaq,77.484,-69.3632,-7.26,70,91,1.66,GL,overcast clouds
466,Longyearbyen,78.2186,15.6401,-2.2,55,20,20.71,SJ,few clouds
467,Batticaloa,7.7102,81.6924,77.97,83,85,6.62,LK,heavy intensity rain
468,Narsaq,60.9167,-46.05,39.2,35,75,35.68,GL,broken clouds
469,Victoria,22.2855,114.1577,62.01,73,17,16.89,HK,few clouds
470,Bredasdorp,-34.5322,20.0403,66.99,83,4,1.99,ZA,clear sky
471,Jamestown,42.097,-79.2353,26.01,74,90,2.91,US,overcast clouds
472,Saint-Philippe,-21.3585,55.7679,78.8,65,0,3.44,RE,clear sky
473,Upernavik,72.7868,-56.1549,-9.85,85,4,7.05,GL,clear sky
474,Souillac,-20.5167,57.5167,78.8,89,75,8.05,MU,broken clouds
475,Ushuaia,-54.8,-68.3,53.6,54,20,25.32,AR,few clouds
476,Ushuaia,-54.8,-68.3,53.6,54,20,25.32,AR,few clouds
477,Maldonado,-34.6667,-54.9167,71.01,83,90,26.46,UY,heavy intensity rain
478,Hithadhoo,-0.6,73.0833,82.31,77,45,15.43,MV,scattered clouds
479,Dikson,73.5069,80.5464,-35.93,81,0,8.23,RU,clear sky
480,Bredasdorp,-34.5322,20.0403,66.99,83,4,1.99,ZA,clear sky
481,Lokosovo,61.1333,74.8167,-16.51,86,100,14.36,RU,overcast clouds
482,Balkhash,46.844,74.9804,16.0,89,91,11.88,KZ,overcast clouds
483,Kayerkan,69.3497,87.7602,-33.18,70,0,2.95,RU,clear sky
484,Vardo,70.3705,31.1107,24.96,96,100,21.32,NO,light snow
485,Upernavik,72.7868,-56.1549,-9.85,85,4,7.05,GL,clear sky
486,Longyearbyen,78.2186,15.6401,-2.2,55,20,20.71,SJ,few clouds
487,Dikson,73.5069,80.5464,-35.93,81,0,8.23,RU,clear sky
488,Ushuaia,-54.8,-68.3,53.6,54,20,25.32,AR,few clouds
489,Nantucket,41.2835,-70.0995,21.2,53,1,13.8,US,clear sky
490,Lisala,2.15,21.5167,74.46,56,100,1.52,CD,overcast clouds
491,Longyearbyen,78.2186,15.6401,-2.2,55,20,20.71,SJ,few clouds
492,Ushuaia,-54.8,-68.3,53.6,54,20,25.32,AR,few clouds
493,Kavaratti,10.5669,72.642,80.85,70,37,7.81,IN,scattered clouds
494,Kjustendil,42.2839,22.6911,36.0,82,51,5.59,BG,broken clouds
495,Longyearbyen,78.2186,15.6401,-2.2,55,20,20.71,SJ,few clouds
496,Kilkenny,52.6542,-7.2522,41.0,82,87,5.99,IE,overcast clouds
497,Ushuaia,-54.8,-68.3,53.6,54,20,25.32,AR,few clouds
498,Vilhena,-12.7406,-60.1458,77.0,83,75,5.75,BR,broken clouds
499,Vangaindrano,-23.35,47.6,76.87,88,6,6.33,MG,light rain
500,Qaanaaq,77.484,-69.3632,-7.26,70,91,1.66,GL,overcast clouds
501,Bredasdorp,-34.5322,20.0403,66.99,83,4,1.99,ZA,clear sky
502,Jamestown,42.097,-79.2353,26.01,74,90,2.91,US,overcast clouds
503,Narsaq,60.9167,-46.05,39.2,35,75,35.68,GL,broken clouds
504,Berlin,52.5244,13.4105,32.0,80,75,3.44,DE,broken clouds
505,Hermanus,-34.4187,19.2345,66.99,83,2,1.99,ZA,clear sky
506,Ushuaia,-54.8,-68.3,53.6,54,20,25.32,AR,few clouds
507,Ushuaia,-54.8,-68.3,53.6,54,20,25.32,AR,few clouds
508,Longyearbyen,78.2186,15.6401,-2.2,55,20,20.71,SJ,few clouds
509,Kruisfontein,-34.0033,24.7314,64.99,80,1,1.7,ZA,clear sky
510,Ushuaia,-54.8,-68.3,53.6,54,20,25.32,AR,few clouds
511,Ushuaia,-54.8,-68.3,53.6,54,20,25.32,AR,few clouds
512,Narasannapeta,18.4167,84.05,70.65,79,20,3.24,IN,few clouds
513,Albany,42.6001,-73.9662,21.0,46,11,5.01,US,few clouds
514,Thinadhoo,0.5333,72.9333,81.5,79,99,15.93,MV,overcast clouds
515,Albany,42.6001,-73.9662,21.0,46,11,5.01,US,few clouds
516,Ushuaia,-54.8,-68.3,53.6,54,20,25.32,AR,few clouds
517,Muros,42.7762,-9.0603,55.0,80,99,5.99,ES,overcast clouds
518,Kruisfontein,-34.0033,24.7314,64.99,80,1,1.7,ZA,clear sky
519,Longyearbyen,78.2186,15.6401,-2.2,55,20,20.71,SJ,few clouds
520,Ushuaia,-54.8,-68.3,53.6,54,20,25.32,AR,few clouds
521,Dikson,73.5069,80.5464,-35.93,81,0,8.23,RU,clear sky
522,Lagoa,39.05,-27.9833,61.92,91,73,27.6,PT,broken clouds
523,Ushuaia,-54.8,-68.3,53.6,54,20,25.32,AR,few clouds
524,Brecksville,41.3198,-81.6268,32.0,60,99,3.0,US,overcast clouds
525,Qaanaaq,77.484,-69.3632,-7.26,70,91,1.66,GL,overcast clouds
526,Maragogi,-9.0122,-35.2225,79.11,78,70,7.45,BR,broken clouds
527,Ushuaia,-54.8,-68.3,53.6,54,20,25.32,AR,few clouds
528,Dikson,73.5069,80.5464,-35.93,81,0,8.23,RU,clear sky
529,Khorixas,-20.3667,14.9667,71.96,57,100,6.11,NA,overcast clouds
530,Ushuaia,-54.8,-68.3,53.6,54,20,25.32,AR,few clouds
531,Longyearbyen,78.2186,15.6401,-2.2,55,20,20.71,SJ,few clouds
532,Liverpool,53.4106,-2.9779,37.4,75,0,16.11,GB,clear sky
533,Longyearbyen,78.2186,15.6401,-2.2,55,20,20.71,SJ,few clouds
534,Bredasdorp,-34.5322,20.0403,66.99,83,4,1.99,ZA,clear sky
535,Qaanaaq,77.484,-69.3632,-7.26,70,91,1.66,GL,overcast clouds
536,Albany,42.6001,-73.9662,21.0,46,11,5.01,US,few clouds
537,Alakurtti,66.9672,30.3491,12.99,89,100,1.01,RU,light snow
538,Ushuaia,-54.8,-68.3,53.6,54,20,25.32,AR,few clouds
539,Dikson,73.5069,80.5464,-35.93,81,0,8.23,RU,clear sky
540,Busselton,-33.65,115.3333,63.0,76,0,4.0,AU,clear sky
541,Qaanaaq,77.484,-69.3632,-7.26,70,91,1.66,GL,overcast clouds
542,Qaanaaq,77.484,-69.3632,-7.26,70,91,1.66,GL,overcast clouds
543,Bredasdorp,-34.5322,20.0403,66.99,83,4,1.99,ZA,clear sky
544,Ushuaia,-54.8,-68.3,53.6,54,20,25.32,AR,few clouds
545,Ushuaia,-54.8,-68.3,53.6,54,20,25.32,AR,few clouds
546,Qaanaaq,77.484,-69.3632,-7.26,70,91,1.66,GL,overcast clouds
547,Jamestown,42.097,-79.2353,26.01,74,90,2.91,US,overcast clouds
548,Upernavik,72.7868,-56.1549,-9.85,85,4,7.05,GL,clear sky
549,Brae,60.3964,-1.353,37.4,75,40,9.22,GB,scattered clouds
550,Upernavik,72.7868,-56.1549,-9.85,85,4,7.05,GL,clear sky
551,Ushuaia,-54.8,-68.3,53.6,54,20,25.32,AR,few clouds
552,Nantucket,41.2835,-70.0995,21.2,53,1,13.8,US,clear sky
553,Ushuaia,-54.8,-68.3,53.6,54,20,25.32,AR,few clouds
554,Mahebourg,-20.4081,57.7,78.8,89,75,8.05,MU,light rain
555,Bredasdorp,-34.5322,20.0403,66.99,83,4,1.99,ZA,clear sky
556,Longyearbyen,78.2186,15.6401,-2.2,55,20,20.71,SJ,few clouds
557,Qaanaaq,77.484,-69.3632,-7.26,70,91,1.66,GL,overcast clouds
558,Bredasdorp,-34.5322,20.0403,66.99,83,4,1.99,ZA,clear sky
559,Geraldton,-28.7667,114.6,84.2,24,0,18.41,AU,clear sky
560,Sajanan,37.0573,9.2426,62.6,72,20,16.11,TN,few clouds
561,Bukama,-9.2,25.85,71.38,85,100,1.3,CD,overcast clouds
562,Ushuaia,-54.8,-68.3,53.6,54,20,25.32,AR,few clouds
563,Chuy,-33.6971,-53.4616,77.65,66,60,14.58,UY,moderate rain
564,Longyearbyen,78.2186,15.6401,-2.2,55,20,20.71,SJ,few clouds
565,Codrington,-38.2667,141.9667,59.13,71,89,6.49,AU,overcast clouds
566,Hermanus,-34.4187,19.2345,66.99,83,2,1.99,ZA,clear sky
567,Albany,42.6001,-73.9662,21.0,46,11,5.01,US,few clouds
568,Saint-Philippe,-21.3585,55.7679,78.8,65,0,3.44,RE,clear sky
569,Gogrial,8.5332,28.1004,74.89,19,2,6.49,SS,clear sky
570,Georgetown,5.4112,100.3354,80.01,78,20,3.44,MY,few clouds
571,Narsaq,60.9167,-46.05,39.2,35,75,35.68,GL,broken clouds
572,Hobyo,5.3505,48.5268,75.51,78,7,15.12,SO,clear sky
573,Longyearbyen,78.2186,15.6401,-2.2,55,20,20.71,SJ,few clouds
574,Ushuaia,-54.8,-68.3,53.6,54,20,25.32,AR,few clouds
575,Andenes,69.3143,16.1194,24.8,68,23,12.66,NO,few clouds
576,Dikson,73.5069,80.5464,-35.93,81,0,8.23,RU,clear sky
577,Ushuaia,-54.8,-68.3,53.6,54,20,25.32,AR,few clouds
578,Ushuaia,-54.8,-68.3,53.6,54,20,25.32,AR,few clouds
579,Ushuaia,-54.8,-68.3,53.6,54,20,25.32,AR,few clouds
580,Port-Gentil,-0.7193,8.7815,82.4,78,20,4.61,GA,light rain
581,Ushuaia,-54.8,-68.3,53.6,54,20,25.32,AR,few clouds
582,Upernavik,72.7868,-56.1549,-9.85,85,4,7.05,GL,clear sky
583,Bredasdorp,-34.5322,20.0403,66.99,83,4,1.99,ZA,clear sky
584,Luneville,48.6,6.5,46.4,93,75,3.44,FR,broken clouds
585,Saint-Philippe,-21.3585,55.7679,78.8,65,0,3.44,RE,clear sky
586,Upernavik,72.7868,-56.1549,-9.85,85,4,7.05,GL,clear sky
587,Salalah,17.0151,54.0924,69.8,60,0,5.75,OM,clear sky
588,Narsaq,60.9167,-46.05,39.2,35,75,35.68,GL,broken clouds
589,Japura,-0.3167,102.35,71.42,97,85,1.39,ID,overcast clouds
590,Hofn,64.2539,-15.2082,20.73,87,98,21.47,IS,overcast clouds
591,Dikson,73.5069,80.5464,-35.93,81,0,8.23,RU,clear sky
592,Guatire,10.4762,-66.5427,86.0,66,40,5.75,VE,scattered clouds
593,Ushuaia,-54.8,-68.3,53.6,54,20,25.32,AR,few clouds
594,Copiapo,-27.3667,-70.3333,69.8,64,75,11.5,CL,broken clouds
595,Bredasdorp,-34.5322,20.0403,66.99,83,4,1.99,ZA,clear sky
596,Longyearbyen,78.2186,15.6401,-2.2,55,20,20.71,SJ,few clouds
597,Ushuaia,-54.8,-68.3,53.6,54,20,25.32,AR,few clouds
598,Killybegs,54.6333,-8.45,39.2,70,0,12.66,IE,clear sky
599,Chuy,-33.6971,-53.4616,77.65,66,60,14.58,UY,moderate rain
600,Jamestown,42.097,-79.2353,26.01,74,90,2.91,US,overcast clouds
601,Bredasdorp,-34.5322,20.0403,66.99,83,4,1.99,ZA,clear sky
602,Qaanaaq,77.484,-69.3632,-7.26,70,91,1.66,GL,overcast clouds
603,Ushuaia,-54.8,-68.3,53.6,54,20,25.32,AR,few clouds
604,Georgetown,5.4112,100.3354,80.01,78,20,3.44,MY,few clouds
605,Ushuaia,-54.8,-68.3,53.6,54,20,25.32,AR,few clouds
606,Chapais,49.7834,-74.8492,-0.4,65,90,8.05,CA,overcast clouds
607,Mehamn,71.0357,27.8492,25.25,96,100,22.03,NO,light snow
608,Bredasdorp,-34.5322,20.0403,66.99,83,4,1.99,ZA,clear sky
609,Ushuaia,-54.8,-68.3,53.6,54,20,25.32,AR,few clouds
610,Longyearbyen,78.2186,15.6401,-2.2,55,20,20.71,SJ,few clouds
611,Cervia,44.2657,12.3427,55.99,76,20,9.22,IT,few clouds
612,Georgetown,5.4112,100.3354,80.01,78,20,3.44,MY,few clouds
613,Bredasdorp,-34.5322,20.0403,66.99,83,4,1.99,ZA,clear sky
614,Longyearbyen,78.2186,15.6401,-2.2,55,20,20.71,SJ,few clouds
615,Hermanus,-34.4187,19.2345,66.99,83,2,1.99,ZA,clear sky
616,Bredasdorp,-34.5322,20.0403,66.99,83,4,1.99,ZA,clear sky
617,Ushuaia,-54.8,-68.3,53.6,54,20,25.32,AR,few clouds
618,Ushuaia,-54.8,-68.3,53.6,54,20,25.32,AR,few clouds
619,Narsaq,60.9167,-46.05,39.2,35,75,35.68,GL,broken clouds
620,Cayenne,4.9333,-52.3333,80.6,94,75,10.36,GF,broken clouds
621,Jamestown,42.097,-79.2353,26.01,74,90,2.91,US,overcast clouds
622,Georgetown,5.4112,100.3354,80.01,78,20,3.44,MY,few clouds
623,Paamiut,61.994,-49.6678,27.86,88,95,13.35,GL,overcast clouds
624,Upernavik,72.7868,-56.1549,-9.85,85,4,7.05,GL,clear sky
625,Ushuaia,-54.8,-68.3,53.6,54,20,25.32,AR,few clouds
626,Eregli,37.5133,34.0467,40.28,89,100,11.3,TR,light rain
627,Ushuaia,-54.8,-68.3,53.6,54,20,25.32,AR,few clouds
628,Ushuaia,-54.8,-68.3,53.6,54,20,25.32,AR,few clouds
629,Paamiut,61.994,-49.6678,27.86,88,95,13.35,GL,overcast clouds
630,Gravdal,68.1214,13.5031,26.55,88,0,5.77,NO,clear sky
631,Ushuaia,-54.8,-68.3,53.6,54,20,25.32,AR,few clouds
632,Bredasdorp,-34.5322,20.0403,66.99,83,4,1.99,ZA,clear sky
633,Georgetown,5.4112,100.3354,80.01,78,20,3.44,MY,few clouds
634,Qaanaaq,77.484,-69.3632,-7.26,70,91,1.66,GL,overcast clouds
635,Shakawe,-18.3667,21.85,70.07,91,100,4.16,BW,moderate rain
636,Ushuaia,-54.8,-68.3,53.6,54,20,25.32,AR,few clouds
637,Ostroleka,53.0862,21.5757,28.99,83,99,4.0,PL,overcast clouds
638,Narsaq,60.9167,-46.05,39.2,35,75,35.68,GL,broken clouds
639,Gat,31.61,34.7642,55.0,58,0,4.0,IL,clear sky
640,Ushuaia,-54.8,-68.3,53.6,54,20,25.32,AR,few clouds
641,Ushuaia,-54.8,-68.3,53.6,54,20,25.32,AR,few clouds
642,Ushuaia,-54.8,-68.3,53.6,54,20,25.32,AR,few clouds
643,Millville,39.4021,-75.0393,37.0,75,1,8.05,US,clear sky
644,Souillac,-20.5167,57.5167,78.8,89,75,8.05,MU,broken clouds
645,Albany,42.6001,-73.9662,21.0,46,11,5.01,US,few clouds
646,Tambura,5.6,27.4667,71.62,22,0,3.6,SS,clear sky
647,Albany,42.6001,-73.9662,21.0,46,11,5.01,US,few clouds
648,Qaanaaq,77.484,-69.3632,-7.26,70,91,1.66,GL,overcast clouds
649,Ushuaia,-54.8,-68.3,53.6,54,20,25.32,AR,few clouds
650,Jamestown,42.097,-79.2353,26.01,74,90,2.91,US,overcast clouds
651,Dubrovytsya,51.5744,26.565,24.48,98,100,9.13,UA,light snow
652,Qaanaaq,77.484,-69.3632,-7.26,70,91,1.66,GL,overcast clouds
653,Inhambane,-23.865,35.3833,79.34,77,22,7.05,MZ,few clouds
654,Albany,42.6001,-73.9662,21.0,46,11,5.01,US,few clouds
655,Ushuaia,-54.8,-68.3,53.6,54,20,25.32,AR,few clouds
656,Qaanaaq,77.484,-69.3632,-7.26,70,91,1.66,GL,overcast clouds
657,Albany,42.6001,-73.9662,21.0,46,11,5.01,US,few clouds
658,Longyearbyen,78.2186,15.6401,-2.2,55,20,20.71,SJ,few clouds
659,Dikson,73.5069,80.5464,-35.93,81,0,8.23,RU,clear sky
660,Ushuaia,-54.8,-68.3,53.6,54,20,25.32,AR,few clouds
661,Bredasdorp,-34.5322,20.0403,66.99,83,4,1.99,ZA,clear sky
662,Longyearbyen,78.2186,15.6401,-2.2,55,20,20.71,SJ,few clouds
663,Dikson,73.5069,80.5464,-35.93,81,0,8.23,RU,clear sky
664,Ushuaia,-54.8,-68.3,53.6,54,20,25.32,AR,few clouds
665,Qaanaaq,77.484,-69.3632,-7.26,70,91,1.66,GL,overcast clouds
666,Iqaluit,63.7506,-68.5145,-9.0,77,20,18.41,CA,snow
667,Ushuaia,-54.8,-68.3,53.6,54,20,25.32,AR,few clouds
668,Jalu,29.0331,21.5482,62.04,40,0,10.67,LY,clear sky
669,Ushuaia,-54.8,-68.3,53.6,54,20,25.32,AR,few clouds
670,Longyearbyen,78.2186,15.6401,-2.2,55,20,20.71,SJ,few clouds
671,Hithadhoo,-0.6,73.0833,82.31,77,45,15.43,MV,scattered clouds
672,Saint-Joseph,-21.3667,55.6167,78.8,65,0,3.44,RE,clear sky
673,Lujan,-34.5703,-59.105,63.0,88,100,11.01,AR,overcast clouds
674,Bredasdorp,-34.5322,20.0403,66.99,83,4,1.99,ZA,clear sky
675,Dikson,73.5069,80.5464,-35.93,81,0,8.23,RU,clear sky
676,Warmbad,-28.45,18.7333,77.86,28,0,15.39,NA,clear sky
677,Grindavik,63.8424,-22.4338,23.0,74,20,17.27,IS,few clouds
678,Vardo,70.3705,31.1107,24.96,96,100,21.32,NO,light snow
679,Bredasdorp,-34.5322,20.0403,66.99,83,4,1.99,ZA,clear sky
680,Longyearbyen,78.2186,15.6401,-2.2,55,20,20.71,SJ,few clouds
681,Qaanaaq,77.484,-69.3632,-7.26,70,91,1.66,GL,overcast clouds
682,Ushuaia,-54.8,-68.3,53.6,54,20,25.32,AR,few clouds
683,Mponela,-13.5319,33.7401,65.55,94,100,6.69,MW,light rain
684,Hambantota,6.1241,81.1185,77.27,81,95,11.05,LK,overcast clouds
685,Pasni,25.2631,63.471,67.86,68,0,8.25,PK,clear sky
686,Mahebourg,-20.4081,57.7,78.8,89,75,8.05,MU,light rain
687,Muros,42.7762,-9.0603,55.0,80,99,5.99,ES,overcast clouds
688,Ushuaia,-54.8,-68.3,53.6,54,20,25.32,AR,few clouds
689,Ushuaia,-54.8,-68.3,53.6,54,20,25.32,AR,few clouds
690,Ushuaia,-54.8,-68.3,53.6,54,20,25.32,AR,few clouds
691,Jumla,29.2747,82.1838,30.78,62,0,3.53,NP,clear sky
692,Busselton,-33.65,115.3333,63.0,76,0,4.0,AU,clear sky
693,Tasiilaq,65.6145,-37.6368,19.4,38,75,18.41,GL,broken clouds
694,Dikson,73.5069,80.5464,-35.93,81,0,8.23,RU,clear sky
695,Ushuaia,-54.8,-68.3,53.6,54,20,25.32,AR,few clouds
696,Bredasdorp,-34.5322,20.0403,66.99,83,4,1.99,ZA,clear sky
697,Hofn,64.2539,-15.2082,20.73,87,98,21.47,IS,overcast clouds
698,Ushuaia,-54.8,-68.3,53.6,54,20,25.32,AR,few clouds
699,Longyearbyen,78.2186,15.6401,-2.2,55,20,20.71,SJ,few clouds
700,Ushuaia,-54.8,-68.3,53.6,54,20,25.32,AR,few clouds
701,Dikson,73.5069,80.5464,-35.93,81,0,8.23,RU,clear sky
702,Synya,65.3718,58.0387,-4.49,91,100,6.96,RU,overcast clouds
703,Ushuaia,-54.8,-68.3,53.6,54,20,25.32,AR,few clouds
704,Iqaluit,63.7506,-68.5145,-9.0,77,20,18.41,CA,snow
705,Ushuaia,-54.8,-68.3,53.6,54,20,25.32,AR,few clouds
706,Ushuaia,-54.8,-68.3,53.6,54,20,25.32,AR,few clouds
707,Novoagansk,61.9449,76.6625,-19.34,85,100,12.95,RU,overcast clouds
708,Uyuni,-20.4597,-66.825,61.95,25,0,11.07,BO,clear sky
709,Albany,42.6001,-73.9662,21.0,46,11,5.01,US,few clouds
710,Qaanaaq,77.484,-69.3632,-7.26,70,91,1.66,GL,overcast clouds
711,Albany,42.6001,-73.9662,21.0,46,11,5.01,US,few clouds
712,Shubarkuduk,49.1447,56.4872,16.27,94,26,5.84,KZ,scattered clouds
713,Pokhara,28.2333,83.9833,47.43,50,0,3.8,NP,clear sky
714,Coquimbo,-29.9533,-71.3436,66.2,82,75,11.5,CL,broken clouds
715,Nuuk,64.1835,-51.7216,17.6,73,20,5.75,GL,few clouds
716,Hithadhoo,-0.6,73.0833,82.31,77,45,15.43,MV,scattered clouds
717,Upernavik,72.7868,-56.1549,-9.85,85,4,7.05,GL,clear sky
718,Hermanus,-34.4187,19.2345,66.99,83,2,1.99,ZA,clear sky
719,Ushuaia,-54.8,-68.3,53.6,54,20,25.32,AR,few clouds
720,Kemijarvi,66.7131,27.4306,8.91,95,100,4.16,FI,overcast clouds
721,Bredasdorp,-34.5322,20.0403,66.99,83,4,1.99,ZA,clear sky
722,Qaanaaq,77.484,-69.3632,-7.26,70,91,1.66,GL,overcast clouds
723,Saint-Augustin,51.226,-58.6502,30.49,94,88,12.15,CA,overcast clouds
724,Busselton,-33.65,115.3333,63.0,76,0,4.0,AU,clear sky
725,Olafsvik,64.8945,-23.7142,22.5,91,1,19.06,IS,clear sky
726,Iqaluit,63.7506,-68.5145,-9.0,77,20,18.41,CA,snow
727,Necochea,-38.5473,-58.7368,68.0,50,100,15.03,AR,overcast clouds
728,Bredasdorp,-34.5322,20.0403,66.99,83,4,1.99,ZA,clear sky
729,Dikson,73.5069,80.5464,-35.93,81,0,8.23,RU,clear sky
730,Dikson,73.5069,80.5464,-35.93,81,0,8.23,RU,clear sky
731,Qaanaaq,77.484,-69.3632,-7.26,70,91,1.66,GL,overcast clouds
732,Qaanaaq,77.484,-69.3632,-7.26,70,91,1.66,GL,overcast clouds
733,Longyearbyen,78.2186,15.6401,-2.2,55,20,20.71,SJ,few clouds
734,Ushuaia,-54.8,-68.3,53.6,54,20,25.32,AR,few clouds
735,Ushuaia,-54.8,-68.3,53.6,54,20,25.32,AR,few clouds
736,Cururupu,-1.8283,-44.8683,80.28,78,74,5.03,BR,broken clouds
737,Bredasdorp,-34.5322,20.0403,66.99,83,4,1.99,ZA,clear sky
738,Ushuaia,-54.8,-68.3,53.6,54,20,25.32,AR,few clouds
739,Coquimbo,-29.9533,-71.3436,66.2,82,75,11.5,CL,broken clouds
740,Bredasdorp,-34.5322,20.0403,66.99,83,4,1.99,ZA,clear sky
741,Ushuaia,-54.8,-68.3,53.6,54,20,25.32,AR,few clouds
742,Dikson,73.5069,80.5464,-35.93,81,0,8.23,RU,clear sky
743,Upernavik,72.7868,-56.1549,-9.85,85,4,7.05,GL,clear sky
744,Ilulissat,69.2167,-51.1,3.2,66,75,8.05,GL,broken clouds
745,Sonthofen,47.5167,10.2833,37.0,95,100,4.03,DE,light rain
746,Qaanaaq,77.484,-69.3632,-7.26,70,91,1.66,GL,overcast clouds
747,Qaanaaq,77.484,-69.3632,-7.26,70,91,1.66,GL,overcast clouds
748,Albany,42.6001,-73.9662,21.0,46,11,5.01,US,few clouds
749,Longyearbyen,78.2186,15.6401,-2.2,55,20,20.71,SJ,few clouds
750,Velikooktyabrskiy,57.4333,33.8159,19.96,96,100,9.22,RU,overcast clouds
751,Bredasdorp,-34.5322,20.0403,66.99,83,4,1.99,ZA,clear sky
752,Bredasdorp,-34.5322,20.0403,66.99,83,4,1.99,ZA,clear sky
753,Dikson,73.5069,80.5464,-35.93,81,0,8.23,RU,clear sky
754,Qaanaaq,77.484,-69.3632,-7.26,70,91,1.66,GL,overcast clouds
755,Bredasdorp,-34.5322,20.0403,66.99,83,4,1.99,ZA,clear sky
756,Westport,41.1415,-73.3579,30.2,29,1,12.66,US,clear sky
757,Ushuaia,-54.8,-68.3,53.6,54,20,25.32,AR,few clouds
758,Salalah,17.0151,54.0924,69.8,60,0,5.75,OM,clear sky
759,Beloha,-25.1667,45.05,77.2,76,3,5.12,MG,clear sky
760,Ushuaia,-54.8,-68.3,53.6,54,20,25.32,AR,few clouds
761,Jilib,0.4883,42.7854,71.24,86,26,6.2,SO,scattered clouds
762,Gusau,12.1628,6.6614,74.98,18,0,9.22,NG,clear sky
763,Dikson,73.5069,80.5464,-35.93,81,0,8.23,RU,clear sky
764,Faya,18.3851,42.4509,57.2,71,0,4.52,SA,clear sky
765,Copiapo,-27.3667,-70.3333,69.8,64,75,11.5,CL,broken clouds
766,Beloha,-25.1667,45.05,77.2,76,3,5.12,MG,clear sky
767,Ushuaia,-54.8,-68.3,53.6,54,20,25.32,AR,few clouds
768,Qaanaaq,77.484,-69.3632,-7.26,70,91,1.66,GL,overcast clouds
769,Qaanaaq,77.484,-69.3632,-7.26,70,91,1.66,GL,overcast clouds
770,Murgab,37.4966,61.9714,50.0,57,75,7.31,TM,broken clouds
771,Pangnirtung,66.1451,-65.7125,-9.4,77,20,2.84,CA,few clouds
772,Albany,42.6001,-73.9662,21.0,46,11,5.01,US,few clouds
773,Hithadhoo,-0.6,73.0833,82.31,77,45,15.43,MV,scattered clouds
774,Ushuaia,-54.8,-68.3,53.6,54,20,25.32,AR,few clouds
775,Longyearbyen,78.2186,15.6401,-2.2,55,20,20.71,SJ,few clouds
776,Upernavik,72.7868,-56.1549,-9.85,85,4,7.05,GL,clear sky
777,Narsaq,60.9167,-46.05,39.2,35,75,35.68,GL,broken clouds
778,Upernavik,72.7868,-56.1549,-9.85,85,4,7.05,GL,clear sky
779,Kruisfontein,-34.0033,24.7314,64.99,80,1,1.7,ZA,clear sky
780,Muleba,-1.8397,31.6544,68.72,73,11,5.48,TZ,few clouds
781,Hermanus,-34.4187,19.2345,66.99,83,2,1.99,ZA,clear sky
782,Ushuaia,-54.8,-68.3,53.6,54,20,25.32,AR,few clouds
783,Hermanus,-34.4187,19.2345,66.99,83,2,1.99,ZA,clear sky
784,Dikson,73.5069,80.5464,-35.93,81,0,8.23,RU,clear sky
785,Ushuaia,-54.8,-68.3,53.6,54,20,25.32,AR,few clouds
786,Bestobe,52.4994,73.0975,17.01,92,100,10.56,KZ,overcast clouds
787,Qaanaaq,77.484,-69.3632,-7.26,70,91,1.66,GL,overcast clouds
788,Ushuaia,-54.8,-68.3,53.6,54,20,25.32,AR,few clouds
789,Qaanaaq,77.484,-69.3632,-7.26,70,91,1.66,GL,overcast clouds
790,Qaanaaq,77.484,-69.3632,-7.26,70,91,1.66,GL,overcast clouds
791,Bredasdorp,-34.5322,20.0403,66.99,83,4,1.99,ZA,clear sky
792,Sisimiut,66.9395,-53.6735,7.79,92,74,7.85,GL,broken clouds
793,Upernavik,72.7868,-56.1549,-9.85,85,4,7.05,GL,clear sky
794,Ushuaia,-54.8,-68.3,53.6,54,20,25.32,AR,few clouds
795,Bredasdorp,-34.5322,20.0403,66.99,83,4,1.99,ZA,clear sky
796,Narsaq,60.9167,-46.05,39.2,35,75,35.68,GL,broken clouds
797,Maarianhamina,60.0973,19.9348,28.4,74,90,12.66,AX,light snow
798,Angren,41.0167,70.1436,41.31,56,100,8.43,UZ,overcast clouds
799,Bredasdorp,-34.5322,20.0403,66.99,83,4,1.99,ZA,clear sky
800,Bekovo,52.4663,43.712,27.9,98,100,8.32,RU,light snow
801,Qaanaaq,77.484,-69.3632,-7.26,70,91,1.66,GL,overcast clouds
802,Hermanus,-34.4187,19.2345,66.99,83,2,1.99,ZA,clear sky
803,Torbay,47.6666,-52.7314,30.0,86,90,10.36,CA,overcast clouds
804,Kattivakkam,13.2167,80.3167,75.2,88,20,6.93,IN,haze
805,Ushuaia,-54.8,-68.3,53.6,54,20,25.32,AR,few clouds
806,Albany,42.6001,-73.9662,21.0,46,11,5.01,US,few clouds
807,Karasjok,69.4719,25.5112,23.0,93,90,11.5,NO,overcast clouds
808,Saint-Philippe,-21.3585,55.7679,78.8,65,0,3.44,RE,clear sky
809,Victoria,22.2855,114.1577,62.01,73,17,16.89,HK,few clouds
810,Carutapera,-1.195,-46.02,81.1,77,49,8.14,BR,scattered clouds
811,Ushuaia,-54.8,-68.3,53.6,54,20,25.32,AR,few clouds
812,Pisco,-13.7,-76.2167,80.6,54,0,11.5,PE,clear sky
813,Kemijarvi,66.7131,27.4306,8.91,95,100,4.16,FI,overcast clouds
814,Busselton,-33.65,115.3333,63.0,76,0,4.0,AU,clear sky
815,Ushuaia,-54.8,-68.3,53.6,54,20,25.32,AR,few clouds
816,Sovetskiy,61.3614,63.5842,-3.86,92,100,4.32,RU,overcast clouds
817,Ushuaia,-54.8,-68.3,53.6,54,20,25.32,AR,few clouds
818,Karema,-6.8205,30.4389,71.67,81,71,3.11,TZ,broken clouds
819,Dikson,73.5069,80.5464,-35.93,81,0,8.23,RU,clear sky
820,Ushuaia,-54.8,-68.3,53.6,54,20,25.32,AR,few clouds
821,Ushuaia,-54.8,-68.3,53.6,54,20,25.32,AR,few clouds
822,Dikson,73.5069,80.5464,-35.93,81,0,8.23,RU,clear sky
823,Kamenka,51.3223,42.7678,34.0,96,100,14.83,RU,light snow
824,Namibe,-15.1961,12.1522,73.42,79,58,9.4,AO,broken clouds
825,Beloha,-25.1667,45.05,77.2,76,3,5.12,MG,clear sky
826,Hermanus,-34.4187,19.2345,66.99,83,2,1.99,ZA,clear sky
827,Bredasdorp,-34.5322,20.0403,66.99,83,4,1.99,ZA,clear sky
828,Qaanaaq,77.484,-69.3632,-7.26,70,91,1.66,GL,overcast clouds
829,Qaanaaq,77.484,-69.3632,-7.26,70,91,1.66,GL,overcast clouds
830,Ushuaia,-54.8,-68.3,53.6,54,20,25.32,AR,few clouds
831,Ushuaia,-54.8,-68.3,53.6,54,20,25.32,AR,few clouds
832,Jamestown,42.097,-79.2353,26.01,74,90,2.91,US,overcast clouds
833,Ghanzi,-21.5667,21.7833,71.71,79,100,6.24,BW,light rain
834,Kedrovyy,56.1667,91.8167,-34.6,74,0,2.24,RU,fog
835,Bredasdorp,-34.5322,20.0403,66.99,83,4,1.99,ZA,clear sky
836,Albany,42.6001,-73.9662,21.0,46,11,5.01,US,few clouds
837,Victoria,22.2855,114.1577,62.01,73,17,16.89,HK,few clouds
838,Ushuaia,-54.8,-68.3,53.6,54,20,25.32,AR,few clouds
839,Bredasdorp,-34.5322,20.0403,66.99,83,4,1.99,ZA,clear sky
840,Dikson,73.5069,80.5464,-35.93,81,0,8.23,RU,clear sky
841,Bredasdorp,-34.5322,20.0403,66.99,83,4,1.99,ZA,clear sky
842,Muli,2.9167,73.5667,81.01,78,29,13.73,MV,scattered clouds
843,Ushuaia,-54.8,-68.3,53.6,54,20,25.32,AR,few clouds
844,Luza,60.6308,47.2512,25.2,97,100,7.7,RU,light snow
845,Dikson,73.5069,80.5464,-35.93,81,0,8.23,RU,clear sky
846,Dikson,73.5069,80.5464,-35.93,81,0,8.23,RU,clear sky
847,Barranca,-10.75,-77.7667,75.45,65,84,11.72,PE,broken clouds
848,Nuuk,64.1835,-51.7216,17.6,73,20,5.75,GL,few clouds
849,Bredasdorp,-34.5322,20.0403,66.99,83,4,1.99,ZA,clear sky
850,Bredasdorp,-34.5322,20.0403,66.99,83,4,1.99,ZA,clear sky
851,Ushuaia,-54.8,-68.3,53.6,54,20,25.32,AR,few clouds
852,Pangnirtung,66.1451,-65.7125,-9.4,77,20,2.84,CA,few clouds
853,Ushuaia,-54.8,-68.3,53.6,54,20,25.32,AR,few clouds
854,Kruisfontein,-34.0033,24.7314,64.99,80,1,1.7,ZA,clear sky
855,Ushuaia,-54.8,-68.3,53.6,54,20,25.32,AR,few clouds
856,Ushuaia,-54.8,-68.3,53.6,54,20,25.32,AR,few clouds
857,Albany,42.6001,-73.9662,21.0,46,11,5.01,US,few clouds
858,Buta,2.7858,24.73,71.96,44,35,2.21,CD,scattered clouds
859,Niamey,13.5137,2.1098,80.6,10,25,6.91,NE,dust
860,Bredasdorp,-34.5322,20.0403,66.99,83,4,1.99,ZA,clear sky
861,Touros,-5.1989,-35.4608,82.4,69,20,11.5,BR,few clouds
862,Taltal,-25.4,-70.4833,71.38,58,22,5.37,CL,few clouds
863,Esil,51.9556,66.4042,18.12,94,100,9.19,KZ,overcast clouds
864,Winchester,51.0651,-1.3187,39.99,93,75,19.57,GB,broken clouds
865,Tokmak,47.2514,35.7058,41.72,75,100,14.7,UA,overcast clouds
866,Ushuaia,-54.8,-68.3,53.6,54,20,25.32,AR,few clouds
867,Ubatuba,-23.4339,-45.0711,93.2,36,40,4.61,BR,scattered clouds
868,Huicungo,-7.2833,-76.8,91.4,66,40,6.91,PE,scattered clouds
869,Georgetown,5.4112,100.3354,80.01,78,20,3.44,MY,few clouds
870,Ushuaia,-54.8,-68.3,53.6,54,20,25.32,AR,few clouds
871,Ushuaia,-54.8,-68.3,53.6,54,20,25.32,AR,few clouds
872,Upernavik,72.7868,-56.1549,-9.85,85,4,7.05,GL,clear sky
873,Albany,42.6001,-73.9662,21.0,46,11,5.01,US,few clouds
874,Ushuaia,-54.8,-68.3,53.6,54,20,25.32,AR,few clouds
875,Longyearbyen,78.2186,15.6401,-2.2,55,20,20.71,SJ,few clouds
876,Qaanaaq,77.484,-69.3632,-7.26,70,91,1.66,GL,overcast clouds
877,Bredasdorp,-34.5322,20.0403,66.99,83,4,1.99,ZA,clear sky
878,Qaanaaq,77.484,-69.3632,-7.26,70,91,1.66,GL,overcast clouds
879,Ushuaia,-54.8,-68.3,53.6,54,20,25.32,AR,few clouds
880,Saint-Philippe,-21.3585,55.7679,78.8,65,0,3.44,RE,clear sky
881,Ushuaia,-54.8,-68.3,53.6,54,20,25.32,AR,few clouds
882,Bredasdorp,-34.5322,20.0403,66.99,83,4,1.99,ZA,clear sky
883,Ushuaia,-54.8,-68.3,53.6,54,20,25.32,AR,few clouds
884,Qaanaaq,77.484,-69.3632,-7.26,70,91,1.66,GL,overcast clouds
885,Hermanus,-34.4187,19.2345,66.99,83,2,1.99,ZA,clear sky
886,Albany,42.6001,-73.9662,21.0,46,11,5.01,US,few clouds
887,Lagoa,39.05,-27.9833,61.92,91,73,27.6,PT,broken clouds
888,Madimba,-10.4,40.3333,79.43,84,100,8.99,TZ,overcast clouds
889,Liwale,-9.7667,37.9333,69.13,97,79,4.07,TZ,broken clouds
890,Qaanaaq,77.484,-69.3632,-7.26,70,91,1.66,GL,overcast clouds
891,Kisesa,-3.0833,34.15,65.68,84,72,3.56,TZ,broken clouds
892,Ushuaia,-54.8,-68.3,53.6,54,20,25.32,AR,few clouds
893,Pisco,-13.7,-76.2167,80.6,54,0,11.5,PE,clear sky
894,Harper,4.375,-7.7169,78.53,86,39,6.2,LR,scattered clouds
895,Qaanaaq,77.484,-69.3632,-7.26,70,91,1.66,GL,overcast clouds
896,Gualaquiza,-3.4,-78.55,72.48,82,67,2.68,EC,moderate rain
897,Pokhvistnevo,53.6524,52.1274,25.12,98,98,8.86,RU,overcast clouds
898,Dikson,73.5069,80.5464,-35.93,81,0,8.23,RU,clear sky
899,Dikson,73.5069,80.5464,-35.93,81,0,8.23,RU,clear sky
900,Bakchar,57.0186,82.0711,-23.96,85,95,4.47,RU,overcast clouds
901,Planadas,3.197,-75.6451,80.1,42,47,4.43,CO,scattered clouds
902,Dikson,73.5069,80.5464,-35.93,81,0,8.23,RU,clear sky
903,Ushuaia,-54.8,-68.3,53.6,54,20,25.32,AR,few clouds
904,Saint-Philippe,-21.3585,55.7679,78.8,65,0,3.44,RE,clear sky
905,Tyumentsevo,53.3224,81.498,-3.33,92,42,7.87,RU,scattered clouds
906,Albany,42.6001,-73.9662,21.0,46,11,5.01,US,few clouds
907,Korla,41.7597,86.1469,21.97,81,0,5.26,CN,clear sky
908,Bredasdorp,-34.5322,20.0403,66.99,83,4,1.99,ZA,clear sky
909,Souillac,-20.5167,57.5167,78.8,89,75,8.05,MU,broken clouds
910,Bredasdorp,-34.5322,20.0403,66.99,83,4,1.99,ZA,clear sky
911,Bandarbeyla,9.4942,50.8122,73.69,75,16,15.12,SO,few clouds
912,Saint-Pierre,-21.3393,55.4781,78.8,65,0,3.44,RE,clear sky
913,Qaanaaq,77.484,-69.3632,-7.26,70,91,1.66,GL,overcast clouds
914,Ushuaia,-54.8,-68.3,53.6,54,20,25.32,AR,few clouds
915,Cananeia,-25.0147,-47.9267,80.02,82,99,4.9,BR,heavy intensity rain
916,Ushuaia,-54.8,-68.3,53.6,54,20,25.32,AR,few clouds
917,Albany,42.6001,-73.9662,21.0,46,11,5.01,US,few clouds
918,Ushuaia,-54.8,-68.3,53.6,54,20,25.32,AR,few clouds
919,Qaanaaq,77.484,-69.3632,-7.26,70,91,1.66,GL,overcast clouds
920,Hermanus,-34.4187,19.2345,66.99,83,2,1.99,ZA,clear sky
921,Codrington,-38.2667,141.9667,59.13,71,89,6.49,AU,overcast clouds
922,Miraflores,19.2167,-98.8083,77.0,28,40,6.91,MX,scattered clouds
923,Narsaq,60.9167,-46.05,39.2,35,75,35.68,GL,broken clouds
924,Dikson,73.5069,80.5464,-35.93,81,0,8.23,RU,clear sky
925,Berlevag,70.8578,29.0864,25.05,96,100,22.66,NO,light snow
926,Jalingo,8.8833,11.3667,79.54,16,30,3.36,NG,scattered clouds
927,Muzhi,65.3667,64.6667,-16.82,88,100,2.86,RU,overcast clouds
928,Torbay,47.6666,-52.7314,30.0,86,90,10.36,CA,overcast clouds
929,Ushuaia,-54.8,-68.3,53.6,54,20,25.32,AR,few clouds
930,Ushuaia,-54.8,-68.3,53.6,54,20,25.32,AR,few clouds
931,Longyearbyen,78.2186,15.6401,-2.2,55,20,20.71,SJ,few clouds
932,Ushuaia,-54.8,-68.3,53.6,54,20,25.32,AR,few clouds
933,Leh,34.1667,77.5833,1.49,58,0,1.32,IN,clear sky
934,Longyearbyen,78.2186,15.6401,-2.2,55,20,20.71,SJ,few clouds
935,Bathsheba,13.2167,-59.5167,82.4,65,20,17.27,BB,few clouds
936,Ushuaia,-54.8,-68.3,53.6,54,20,25.32,AR,few clouds
937,Pitimbu,-7.4706,-34.8086,82.4,74,20,13.8,BR,few clouds
938,Dikson,73.5069,80.5464,-35.93,81,0,8.23,RU,clear sky
939,Qaanaaq,77.484,-69.3632,-7.26,70,91,1.66,GL,overcast clouds
940,Bredasdorp,-34.5322,20.0403,66.99,83,4,1.99,ZA,clear sky
941,Longyearbyen,78.2186,15.6401,-2.2,55,20,20.71,SJ,few clouds
942,Ushuaia,-54.8,-68.3,53.6,54,20,25.32,AR,few clouds
943,Ushuaia,-54.8,-68.3,53.6,54,20,25.32,AR,few clouds
944,Upernavik,72.7868,-56.1549,-9.85,85,4,7.05,GL,clear sky
945,Bredasdorp,-34.5322,20.0403,66.99,83,4,1.99,ZA,clear sky
946,Qaanaaq,77.484,-69.3632,-7.26,70,91,1.66,GL,overcast clouds
947,Qaanaaq,77.484,-69.3632,-7.26,70,91,1.66,GL,overcast clouds
948,Alenquer,-1.9417,-54.7383,82.4,78,75,11.5,BR,broken clouds
949,Vardo,70.3705,31.1107,24.96,96,100,21.32,NO,light snow
950,Albany,42.6001,-73.9662,21.0,46,11,5.01,US,few clouds
951,Masindi,1.6744,31.715,75.29,41,89,2.48,UG,overcast clouds
952,Inhambane,-23.865,35.3833,79.34,77,22,7.05,MZ,few clouds
953,Dikson,73.5069,80.5464,-35.93,81,0,8.23,RU,clear sky
954,Dikson,73.5069,80.5464,-35.93,81,0,8.23,RU,clear sky
955,Ushuaia,-54.8,-68.3,53.6,54,20,25.32,AR,few clouds
956,Ushuaia,-54.8,-68.3,53.6,54,20,25.32,AR,few clouds
957,Saldanha,-33.0117,17.9442,64.94,90,0,8.97,ZA,clear sky
958,Ushuaia,-54.8,-68.3,53.6,54,20,25.32,AR,few clouds
959,Longyearbyen,78.2186,15.6401,-2.2,55,20,20.71,SJ,few clouds
960,Ushuaia,-54.8,-68.3,53.6,54,20,25.32,AR,few clouds
961,Ushuaia,-54.8,-68.3,53.6,54,20,25.32,AR,few clouds
962,Hermanus,-34.4187,19.2345,66.99,83,2,1.99,ZA,clear sky
963,Saint-Joseph,-21.3667,55.6167,78.8,65,0,3.44,RE,clear sky
964,Bredasdorp,-34.5322,20.0403,66.99,83,4,1.99,ZA,clear sky
965,Sovetskiy,61.3614,63.5842,-3.86,92,100,4.32,RU,overcast clouds
966,Upernavik,72.7868,-56.1549,-9.85,85,4,7.05,GL,clear sky
967,Chuy,-33.6971,-53.4616,77.65,66,60,14.58,UY,moderate rain
968,Dikson,73.5069,80.5464,-35.93,81,0,8.23,RU,clear sky
969,Iqaluit,63.7506,-68.5145,-9.0,77,20,18.41,CA,snow
970,Qaanaaq,77.484,-69.3632,-7.26,70,91,1.66,GL,overcast clouds
971,Lodja,-3.4833,23.4333,69.89,95,79,0.47,CD,light rain
972,Upernavik,72.7868,-56.1549,-9.85,85,4,7.05,GL,clear sky
973,Mweka,-4.85,21.5667,69.3,99,100,1.43,CD,moderate rain
974,Qaanaaq,77.484,-69.3632,-7.26,70,91,1.66,GL,overcast clouds
975,Hermanus,-34.4187,19.2345,66.99,83,2,1.99,ZA,clear sky
976,Longyearbyen,78.2186,15.6401,-2.2,55,20,20.71,SJ,few clouds
977,Qaanaaq,77.484,-69.3632,-7.26,70,91,1.66,GL,overcast clouds
978,Ushuaia,-54.8,-68.3,53.6,54,20,25.32,AR,few clouds
979,Blois,47.5833,1.3333,50.0,87,75,9.22,FR,broken clouds
980,Longyearbyen,78.2186,15.6401,-2.2,55,20,20.71,SJ,few clouds
981,Rognan,67.0953,15.3878,19.0,70,4,5.01,NO,clear sky
982,Qaanaaq,77.484,-69.3632,-7.26,70,91,1.66,GL,overcast clouds
983,Bosaso,11.2842,49.1816,71.94,77,10,3.04,SO,clear sky
984,Hithadhoo,-0.6,73.0833,82.31,77,45,15.43,MV,scattered clouds
985,Longyearbyen,78.2186,15.6401,-2.2,55,20,20.71,SJ,few clouds
986,Diffa,13.3154,12.6113,70.41,22,0,9.89,NE,clear sky
987,Ushuaia,-54.8,-68.3,53.6,54,20,25.32,AR,few clouds
988,Ushuaia,-54.8,-68.3,53.6,54,20,25.32,AR,few clouds
989,Ushuaia,-54.8,-68.3,53.6,54,20,25.32,AR,few clouds
990,Saldanha,-33.0117,17.9442,64.94,90,0,8.97,ZA,clear sky
991,Ushuaia,-54.8,-68.3,53.6,54,20,25.32,AR,few clouds
992,Namibe,-15.1961,12.1522,73.42,79,58,9.4,AO,broken clouds
993,Bredasdorp,-34.5322,20.0403,66.99,83,4,1.99,ZA,clear sky
994,Dikson,73.5069,80.5464,-35.93,81,0,8.23,RU,clear sky
995,Redcar,54.6166,-1.06,34.0,81,34,3.0,GB,scattered clouds
996,Bredasdorp,-34.5322,20.0403,66.99,83,4,1.99,ZA,clear sky
997,Ushuaia,-54.8,-68.3,53.6,54,20,25.32,AR,few clouds
998,Salalah,17.0151,54.0924,69.8,60,0,5.75,OM,clear sky
999,Qaanaaq,77.484,-69.3632,-7.26,70,91,1.66,GL,overcast clouds
1000,Angoche,-16.2325,39.9086,79.43,81,100,8.43,MZ,overcast clouds
1001,Chilca,-12.5211,-76.7372,78.01,57,0,11.5,PE,clear sky
1002,Tokonou,9.65,-9.7833,75.81,19,6,3.76,GN,clear sky
1003,Qaanaaq,77.484,-69.3632,-7.26,70,91,1.66,GL,overcast clouds
1004,Bredasdorp,-34.5322,20.0403,66.99,83,4,1.99,ZA,clear sky
1005,Iqaluit,63.7506,-68.5145,-9.0,77,20,18.41,CA,snow
1006,Kamenka,51.3223,42.7678,34.0,96,100,14.83,RU,light snow
1007,Ushuaia,-54.8,-68.3,53.6,54,20,25.32,AR,few clouds
1008,Qaanaaq,77.484,-69.3632,-7.26,70,91,1.66,GL,overcast clouds
1009,Qaanaaq,77.484,-69.3632,-7.26,70,91,1.66,GL,overcast clouds
1010,Kutum,14.2,24.6667,56.5,32,0,7.65,SD,clear sky
1011,Jamestown,42.097,-79.2353,26.01,74,90,2.91,US,overcast clouds
1012,Ushuaia,-54.8,-68.3,53.6,54,20,25.32,AR,few clouds
1013,Weligama,5.9667,80.4167,76.08,88,98,2.86,LK,overcast clouds
1014,Trzcianka,53.0406,16.4563,21.0,94,0,3.0,PL,clear sky
1015,Saint-Philippe,-21.3585,55.7679,78.8,65,0,3.44,RE,clear sky
1016,Longyearbyen,78.2186,15.6401,-2.2,55,20,20.71,SJ,few clouds
1017,Bredasdorp,-34.5322,20.0403,66.99,83,4,1.99,ZA,clear sky
1018,Bjornevatn,69.6672,29.9847,24.8,93,100,12.66,NO,light snow
1019,Longyearbyen,78.2186,15.6401,-2.2,55,20,20.71,SJ,few clouds
1020,Tonantins,-2.8731,-67.8022,90.3,58,66,3.11,BR,broken clouds
1021,Ushuaia,-54.8,-68.3,53.6,54,20,25.32,AR,few clouds
1022,Okakarara,-20.5833,17.4333,74.59,63,100,2.73,NA,overcast clouds
1023,Longyearbyen,78.2186,15.6401,-2.2,55,20,20.71,SJ,few clouds
1024,Hobyo,5.3505,48.5268,75.51,78,7,15.12,SO,clear sky
1025,Longyearbyen,78.2186,15.6401,-2.2,55,20,20.71,SJ,few clouds
1026,Hermanus,-34.4187,19.2345,66.99,83,2,1.99,ZA,clear sky
1027,Albany,42.6001,-73.9662,21.0,46,11,5.01,US,few clouds
1028,Ushuaia,-54.8,-68.3,53.6,54,20,25.32,AR,few clouds
1029,Thabazimbi,-24.5917,27.4116,68.0,95,54,3.96,ZA,light rain
1030,Bredasdorp,-34.5322,20.0403,66.99,83,4,1.99,ZA,clear sky
1031,Bredasdorp,-34.5322,20.0403,66.99,83,4,1.99,ZA,clear sky
1032,Narsaq,60.9167,-46.05,39.2,35,75,35.68,GL,broken clouds
1033,Qaanaaq,77.484,-69.3632,-7.26,70,91,1.66,GL,overcast clouds
1034,Longyearbyen,78.2186,15.6401,-2.2,55,20,20.71,SJ,few clouds
1035,Ostrovnoy,68.0531,39.5131,13.68,95,100,9.89,RU,light snow
1036,Albany,42.6001,-73.9662,21.0,46,11,5.01,US,few clouds
1037,Hermanus,-34.4187,19.2345,66.99,83,2,1.99,ZA,clear sky
1038,Susehri,40.1644,38.0867,26.04,93,100,8.5,TR,snow
1039,Ushuaia,-54.8,-68.3,53.6,54,20,25.32,AR,few clouds
1040,Teguise,29.0605,-13.564,64.4,72,75,11.5,ES,broken clouds
1041,Ushuaia,-54.8,-68.3,53.6,54,20,25.32,AR,few clouds
1042,Thinadhoo,0.5333,72.9333,81.5,79,99,15.93,MV,overcast clouds
1043,Upernavik,72.7868,-56.1549,-9.85,85,4,7.05,GL,clear sky
1044,Ushuaia,-54.8,-68.3,53.6,54,20,25.32,AR,few clouds
1045,Ushuaia,-54.8,-68.3,53.6,54,20,25.32,AR,few clouds
1046,Albany,42.6001,-73.9662,21.0,46,11,5.01,US,few clouds
1047,Qaanaaq,77.484,-69.3632,-7.26,70,91,1.66,GL,overcast clouds
1048,Ilulissat,69.2167,-51.1,3.2,66,75,8.05,GL,broken clouds
1049,Abdanan,32.9926,47.4198,41.25,67,0,1.41,IR,clear sky
1050,Qaanaaq,77.484,-69.3632,-7.26,70,91,1.66,GL,overcast clouds
1051,Ushuaia,-54.8,-68.3,53.6,54,20,25.32,AR,few clouds
1052,Ushuaia,-54.8,-68.3,53.6,54,20,25.32,AR,few clouds
1053,Shenkursk,62.1091,42.896,21.45,98,100,5.55,RU,light snow
1054,Jasdan,22.0333,71.2,58.5,36,0,10.92,IN,clear sky
1055,Bredasdorp,-34.5322,20.0403,66.99,83,4,1.99,ZA,clear sky
1056,Ushuaia,-54.8,-68.3,53.6,54,20,25.32,AR,few clouds
1057,Qaanaaq,77.484,-69.3632,-7.26,70,91,1.66,GL,overcast clouds
1058,Labrea,-7.2586,-64.7981,83.82,87,99,1.63,BR,overcast clouds
1059,Vardo,70.3705,31.1107,24.96,96,100,21.32,NO,light snow
1060,Jamestown,42.097,-79.2353,26.01,74,90,2.91,US,overcast clouds
1061,Qaanaaq,77.484,-69.3632,-7.26,70,91,1.66,GL,overcast clouds
1062,Ushuaia,-54.8,-68.3,53.6,54,20,25.32,AR,few clouds
1063,Upernavik,72.7868,-56.1549,-9.85,85,4,7.05,GL,clear sky
1064,Dikson,73.5069,80.5464,-35.93,81,0,8.23,RU,clear sky
1065,Dikson,73.5069,80.5464,-35.93,81,0,8.23,RU,clear sky
1066,Dikson,73.5069,80.5464,-35.93,81,0,8.23,RU,clear sky
1067,Qaanaaq,77.484,-69.3632,-7.26,70,91,1.66,GL,overcast clouds
1068,Phalombe,-15.8064,35.6507,69.17,93,100,3.27,MW,overcast clouds
1069,Kudahuvadhoo,2.6708,72.8944,80.94,78,85,12.46,MV,overcast clouds
1070,Qaanaaq,77.484,-69.3632,-7.26,70,91,1.66,GL,overcast clouds
1071,Hamilton,39.1834,-84.5333,37.4,48,90,6.91,US,overcast clouds
1072,Ushuaia,-54.8,-68.3,53.6,54,20,25.32,AR,few clouds
1073,Coihaique,-45.5752,-72.0662,73.4,27,20,9.22,CL,few clouds
1074,Foumban,5.7291,10.9001,67.03,32,17,3.47,CM,few clouds
1075,Qaanaaq,77.484,-69.3632,-7.26,70,91,1.66,GL,overcast clouds
1076,Qaanaaq,77.484,-69.3632,-7.26,70,91,1.66,GL,overcast clouds
1077,Iralaya,15.0,-83.2333,82.4,69,20,9.66,HN,few clouds
1078,Cayenne,4.9333,-52.3333,80.6,94,75,10.36,GF,broken clouds
1079,Bredasdorp,-34.5322,20.0403,66.99,83,4,1.99,ZA,clear sky
1080,Atar,20.5169,-13.0499,70.0,20,70,8.5,MR,broken clouds
1081,Rafraf,37.1904,10.1837,66.2,72,40,23.02,TN,scattered clouds
1082,Dothan,31.2232,-85.3905,64.0,42,1,6.91,US,clear sky
1083,Paamiut,61.994,-49.6678,27.86,88,95,13.35,GL,overcast clouds
1084,Bathsheba,13.2167,-59.5167,82.4,65,20,17.27,BB,few clouds
1085,Qaanaaq,77.484,-69.3632,-7.26,70,91,1.66,GL,overcast clouds
1086,Uruzgan,32.8333,66.0,41.4,55,0,3.29,AF,clear sky
1087,Lebu,-37.6167,-73.65,62.01,70,8,11.36,CL,clear sky
1088,Bredasdorp,-34.5322,20.0403,66.99,83,4,1.99,ZA,clear sky
1089,Osmanabad,18.1667,76.05,69.66,51,0,9.91,IN,clear sky
1090,Qaanaaq,77.484,-69.3632,-7.26,70,91,1.66,GL,overcast clouds
1091,Ushuaia,-54.8,-68.3,53.6,54,20,25.32,AR,few clouds
1092,Sept-Iles,50.2001,-66.3821,23.0,49,37,8.05,CA,scattered clouds
1093,Luderitz,-26.6481,15.1594,68.23,61,9,25.32,NA,clear sky
1094,Salalah,17.0151,54.0924,69.8,60,0,5.75,OM,clear sky
1095,Medea,36.2642,2.7539,64.4,63,40,12.66,DZ,scattered clouds
1096,Longyearbyen,78.2186,15.6401,-2.2,55,20,20.71,SJ,few clouds
1097,Qaanaaq,77.484,-69.3632,-7.26,70,91,1.66,GL,overcast clouds
1098,Albany,42.6001,-73.9662,21.0,46,11,5.01,US,few clouds
1099,Srivardhan,18.0333,73.0167,73.45,52,25,5.23,IN,scattered clouds
1100,Kankaanpaa,61.8,22.4167,19.4,86,90,6.91,FI,light snow
1101,Constitucion,-35.3333,-72.4167,65.59,82,59,6.71,CL,broken clouds
1102,Dikson,73.5069,80.5464,-35.93,81,0,8.23,RU,clear sky
1103,Qaanaaq,77.484,-69.3632,-7.26,70,91,1.66,GL,overcast clouds
1104,Ushuaia,-54.8,-68.3,53.6,54,20,25.32,AR,few clouds
1105,Ushuaia,-54.8,-68.3,53.6,54,20,25.32,AR,few clouds
1106,Messina,38.1933,15.5497,59.0,76,0,2.3,IT,clear sky
1107,Saint-Philippe,-21.3585,55.7679,78.8,65,0,3.44,RE,clear sky
1108,Qaanaaq,77.484,-69.3632,-7.26,70,91,1.66,GL,overcast clouds
1109,Dikson,73.5069,80.5464,-35.93,81,0,8.23,RU,clear sky
1110,Ushuaia,-54.8,-68.3,53.6,54,20,25.32,AR,few clouds
1111,Qaanaaq,77.484,-69.3632,-7.26,70,91,1.66,GL,overcast clouds
1112,Busselton,-33.65,115.3333,63.0,76,0,4.0,AU,clear sky
1113,Qaanaaq,77.484,-69.3632,-7.26,70,91,1.66,GL,overcast clouds
1114,Vardo,70.3705,31.1107,24.96,96,100,21.32,NO,light snow
1115,Qaanaaq,77.484,-69.3632,-7.26,70,91,1.66,GL,overcast clouds
1116,Shimoga,13.9167,75.5667,67.35,49,12,3.2,IN,few clouds
1117,Ushuaia,-54.8,-68.3,53.6,54,20,25.32,AR,few clouds
1118,Ushuaia,-54.8,-68.3,53.6,54,20,25.32,AR,few clouds
1119,Torbay,47.6666,-52.7314,30.0,86,90,10.36,CA,overcast clouds
1120,Dikson,73.5069,80.5464,-35.93,81,0,8.23,RU,clear sky
1121,Balkhash,46.844,74.9804,16.0,89,91,11.88,KZ,overcast clouds
1122,Olavarria,-36.8927,-60.3225,71.15,27,100,12.75,AR,overcast clouds
1123,Taoudenni,22.6783,-3.9836,73.83,19,0,9.75,ML,clear sky
1124,Ushuaia,-54.8,-68.3,53.6,54,20,25.32,AR,few clouds
1125,Kudahuvadhoo,2.6708,72.8944,80.94,78,85,12.46,MV,overcast clouds
1126,Kanashevo,55.2169,62.0634,6.8,85,40,2.24,RU,mist
1127,Ushuaia,-54.8,-68.3,53.6,54,20,25.32,AR,few clouds
1128,Ushuaia,-54.8,-68.3,53.6,54,20,25.32,AR,few clouds
1129,Dikson,73.5069,80.5464,-35.93,81,0,8.23,RU,clear sky
1130,Dikson,73.5069,80.5464,-35.93,81,0,8.23,RU,clear sky
1131,Hermanus,-34.4187,19.2345,66.99,83,2,1.99,ZA,clear sky
1132,Dikson,73.5069,80.5464,-35.93,81,0,8.23,RU,clear sky
1133,Benguela,-12.5763,13.4055,77.05,78,81,5.84,AO,broken clouds
1134,Narsaq,60.9167,-46.05,39.2,35,75,35.68,GL,broken clouds
1135,Chuy,-33.6971,-53.4616,77.65,66,60,14.58,UY,moderate rain
1136,Bredasdorp,-34.5322,20.0403,66.99,83,4,1.99,ZA,clear sky
1137,Ushuaia,-54.8,-68.3,53.6,54,20,25.32,AR,few clouds
1138,Albany,42.6001,-73.9662,21.0,46,11,5.01,US,few clouds
1139,Rawson,-43.3002,-65.1023,64.24,43,2,19.04,AR,clear sky
1140,Longyearbyen,78.2186,15.6401,-2.2,55,20,20.71,SJ,few clouds
1141,Jamestown,42.097,-79.2353,26.01,74,90,2.91,US,overcast clouds
1142,Ushuaia,-54.8,-68.3,53.6,54,20,25.32,AR,few clouds
1143,Albany,42.6001,-73.9662,21.0,46,11,5.01,US,few clouds
1144,Busselton,-33.65,115.3333,63.0,76,0,4.0,AU,clear sky
1145,Bathsheba,13.2167,-59.5167,82.4,65,20,17.27,BB,few clouds
1146,Ushuaia,-54.8,-68.3,53.6,54,20,25.32,AR,few clouds
1147,Saldanha,-33.0117,17.9442,64.94,90,0,8.97,ZA,clear sky
1148,Victoria,22.2855,114.1577,62.01,73,17,16.89,HK,few clouds
1149,Ushuaia,-54.8,-68.3,53.6,54,20,25.32,AR,few clouds
1150,Longyearbyen,78.2186,15.6401,-2.2,55,20,20.71,SJ,few clouds
1151,Jalu,29.0331,21.5482,62.04,40,0,10.67,LY,clear sky
1152,Dikson,73.5069,80.5464,-35.93,81,0,8.23,RU,clear sky
1153,Cayenne,4.9333,-52.3333,80.6,94,75,10.36,GF,broken clouds
1154,Dingle,10.9995,122.6711,71.4,90,100,9.86,PH,overcast clouds
1155,Ugoofaaru,5.6667,73.0,81.01,69,35,9.01,MV,scattered clouds
1156,Ushuaia,-54.8,-68.3,53.6,54,20,25.32,AR,few clouds
1157,Ushuaia,-54.8,-68.3,53.6,54,20,25.32,AR,few clouds
1158,Ushuaia,-54.8,-68.3,53.6,54,20,25.32,AR,few clouds
1159,Dikson,73.5069,80.5464,-35.93,81,0,8.23,RU,clear sky
1160,Dikson,73.5069,80.5464,-35.93,81,0,8.23,RU,clear sky
1161,Qaanaaq,77.484,-69.3632,-7.26,70,91,1.66,GL,overcast clouds
1162,Bredasdorp,-34.5322,20.0403,66.99,83,4,1.99,ZA,clear sky
1163,Ushuaia,-54.8,-68.3,53.6,54,20,25.32,AR,few clouds
1164,Varhaug,58.6147,5.6457,27.0,100,75,16.24,NO,fog
1165,Padang,-0.9492,100.3543,76.5,77,100,4.9,ID,moderate rain
1166,Ushuaia,-54.8,-68.3,53.6,54,20,25.32,AR,few clouds
1167,Bredasdorp,-34.5322,20.0403,66.99,83,4,1.99,ZA,clear sky
1168,Asfi,32.2994,-9.2372,59.94,86,81,10.38,MA,broken clouds
1169,Ushuaia,-54.8,-68.3,53.6,54,20,25.32,AR,few clouds
1170,Ushuaia,-54.8,-68.3,53.6,54,20,25.32,AR,few clouds
1171,Ushuaia,-54.8,-68.3,53.6,54,20,25.32,AR,few clouds
1172,Albany,42.6001,-73.9662,21.0,46,11,5.01,US,few clouds
1173,Mitu,1.1983,-70.1733,82.36,79,86,2.42,CO,overcast clouds
1174,Ushuaia,-54.8,-68.3,53.6,54,20,25.32,AR,few clouds
1175,Sorland,67.667,12.6934,31.28,92,55,8.57,NO,broken clouds
1176,Upernavik,72.7868,-56.1549,-9.85,85,4,7.05,GL,clear sky
1177,Ushuaia,-54.8,-68.3,53.6,54,20,25.32,AR,few clouds
1178,Srivardhan,18.0333,73.0167,73.45,52,25,5.23,IN,scattered clouds
1179,Qaanaaq,77.484,-69.3632,-7.26,70,91,1.66,GL,overcast clouds
1180,Qaanaaq,77.484,-69.3632,-7.26,70,91,1.66,GL,overcast clouds
1181,Abha,18.2164,42.5053,57.2,71,0,5.26,SA,clear sky
1182,Bredasdorp,-34.5322,20.0403,66.99,83,4,1.99,ZA,clear sky
1183,Lagoa,39.05,-27.9833,61.92,91,73,27.6,PT,broken clouds
1184,Ushuaia,-54.8,-68.3,53.6,54,20,25.32,AR,few clouds
1185,Ushuaia,-54.8,-68.3,53.6,54,20,25.32,AR,few clouds
1186,Jamestown,42.097,-79.2353,26.01,74,90,2.91,US,overcast clouds
1187,Ushuaia,-54.8,-68.3,53.6,54,20,25.32,AR,few clouds
1188,Oksfjord,70.2396,22.3479,26.6,85,40,1.14,NO,scattered clouds
1189,Luangwa,-15.6167,30.4167,74.16,87,100,0.74,ZM,overcast clouds
1190,Saint-Philippe,-21.3585,55.7679,78.8,65,0,3.44,RE,clear sky
1191,Ushuaia,-54.8,-68.3,53.6,54,20,25.32,AR,few clouds
1192,Hermanus,-34.4187,19.2345,66.99,83,2,1.99,ZA,clear sky
1193,Hermanus,-34.4187,19.2345,66.99,83,2,1.99,ZA,clear sky
1194,Albany,42.6001,-73.9662,21.0,46,11,5.01,US,few clouds
1195,Kuybyshevo,47.8123,38.9073,37.0,80,92,10.58,RU,overcast clouds
1196,Maragogi,-9.0122,-35.2225,79.11,78,70,7.45,BR,broken clouds
1197,Ushuaia,-54.8,-68.3,53.6,54,20,25.32,AR,few clouds
1198,Hermanus,-34.4187,19.2345,66.99,83,2,1.99,ZA,clear sky
1199,Sinnamary,5.3833,-52.95,78.91,87,100,12.91,GF,moderate rain
1200,Longyearbyen,78.2186,15.6401,-2.2,55,20,20.71,SJ,few clouds
1201,Soma,39.1855,27.6094,50.0,93,40,4.47,TR,scattered clouds
1202,Ushuaia,-54.8,-68.3,53.6,54,20,25.32,AR,few clouds
1203,Semirom,31.4167,51.5667,24.19,97,45,7.36,IR,scattered clouds
1204,Bredasdorp,-34.5322,20.0403,66.99,83,4,1.99,ZA,clear sky
1205,Sinnamary,5.3833,-52.95,78.91,87,100,12.91,GF,moderate rain
1206,Laguna,38.421,-121.4238,59.0,54,1,5.75,US,clear sky
1207,Hithadhoo,-0.6,73.0833,82.31,77,45,15.43,MV,scattered clouds
1208,Netanya,32.3329,34.8599,55.4,58,0,11.5,IL,clear sky
1209,Busselton,-33.65,115.3333,63.0,76,0,4.0,AU,clear sky
1210,Waddan,29.1614,16.139,61.21,31,0,4.72,LY,clear sky
1211,Raudeberg,61.9875,5.1352,33.01,93,40,2.3,NO,light snow
1212,Dikson,73.5069,80.5464,-35.93,81,0,8.23,RU,clear sky
1213,Ushuaia,-54.8,-68.3,53.6,54,20,25.32,AR,few clouds
1214,Busselton,-33.65,115.3333,63.0,76,0,4.0,AU,clear sky
1215,Hermanus,-34.4187,19.2345,66.99,83,2,1.99,ZA,clear sky
1216,Bredasdorp,-34.5322,20.0403,66.99,83,4,1.99,ZA,clear sky
1217,Ushuaia,-54.8,-68.3,53.6,54,20,25.32,AR,few clouds
1218,Ushuaia,-54.8,-68.3,53.6,54,20,25.32,AR,few clouds
1219,Dikson,73.5069,80.5464,-35.93,81,0,8.23,RU,clear sky
1220,Kisangani,0.5167,25.2,72.34,83,84,1.66,CD,broken clouds
1221,Qaanaaq,77.484,-69.3632,-7.26,70,91,1.66,GL,overcast clouds
1222,Zyryanovsk,49.7386,84.2719,-0.44,92,2,0.36,KZ,clear sky
1223,Ushuaia,-54.8,-68.3,53.6,54,20,25.32,AR,few clouds
1224,Qaanaaq,77.484,-69.3632,-7.26,70,91,1.66,GL,overcast clouds
1225,Awjilah,29.1081,21.2869,62.15,39,0,11.21,LY,clear sky
1226,Kruisfontein,-34.0033,24.7314,64.99,80,1,1.7,ZA,clear sky
1227,Ushuaia,-54.8,-68.3,53.6,54,20,25.32,AR,few clouds
1228,Longyearbyen,78.2186,15.6401,-2.2,55,20,20.71,SJ,few clouds
1229,Bubaque,11.2833,-15.8333,79.21,67,44,12.41,GW,scattered clouds
1230,Albany,42.6001,-73.9662,21.0,46,11,5.01,US,few clouds
1231,Albany,42.6001,-73.9662,21.0,46,11,5.01,US,few clouds
1232,Toropets,56.4978,31.6353,22.24,96,100,9.46,RU,snow
1233,Kushmurun,52.4503,64.6311,15.24,94,100,3.91,KZ,overcast clouds
1234,Albany,42.6001,-73.9662,21.0,46,11,5.01,US,few clouds
1235,Ushuaia,-54.8,-68.3,53.6,54,20,25.32,AR,few clouds
1236,Dingle,10.9995,122.6711,71.4,90,100,9.86,PH,overcast clouds
1237,Luderitz,-26.6481,15.1594,68.23,61,9,25.32,NA,clear sky
1238,Kruisfontein,-34.0033,24.7314,64.99,80,1,1.7,ZA,clear sky
1239,Albany,42.6001,-73.9662,21.0,46,11,5.01,US,few clouds
1240,Albany,42.6001,-73.9662,21.0,46,11,5.01,US,few clouds
1241,Dikson,73.5069,80.5464,-35.93,81,0,8.23,RU,clear sky
1242,Jamestown,42.097,-79.2353,26.01,74,90,2.91,US,overcast clouds
1243,Ushuaia,-54.8,-68.3,53.6,54,20,25.32,AR,few clouds
1244,Qaanaaq,77.484,-69.3632,-7.26,70,91,1.66,GL,overcast clouds
1245,Ushuaia,-54.8,-68.3,53.6,54,20,25.32,AR,few clouds
1246,Ushuaia,-54.8,-68.3,53.6,54,20,25.32,AR,few clouds
1247,Olafsvik,64.8945,-23.7142,22.5,91,1,19.06,IS,clear sky
1248,Ushuaia,-54.8,-68.3,53.6,54,20,25.32,AR,few clouds
1249,Bredasdorp,-34.5322,20.0403,66.99,83,4,1.99,ZA,clear sky
1250,Ushuaia,-54.8,-68.3,53.6,54,20,25.32,AR,few clouds
1251,Ushuaia,-54.8,-68.3,53.6,54,20,25.32,AR,few clouds
1252,Qaanaaq,77.484,-69.3632,-7.26,70,91,1.66,GL,overcast clouds
1253,Albany,42.6001,-73.9662,21.0,46,11,5.01,US,few clouds
1254,Qaanaaq,77.484,-69.3632,-7.26,70,91,1.66,GL,overcast clouds
1255,Upernavik,72.7868,-56.1549,-9.85,85,4,7.05,GL,clear sky
1256,Hermanus,-34.4187,19.2345,66.99,83,2,1.99,ZA,clear sky
1257,Ushuaia,-54.8,-68.3,53.6,54,20,25.32,AR,few clouds
1258,Nsanje,-16.92,35.262,75.74,91,100,3.4,MW,overcast clouds
1259,Dikson,73.5069,80.5464,-35.93,81,0,8.23,RU,clear sky
1260,Dikson,73.5069,80.5464,-35.93,81,0,8.23,RU,clear sky
1261,Bredasdorp,-34.5322,20.0403,66.99,83,4,1.99,ZA,clear sky
1262,Upernavik,72.7868,-56.1549,-9.85,85,4,7.05,GL,clear sky
1263,Longyearbyen,78.2186,15.6401,-2.2,55,20,20.71,SJ,few clouds
1264,Ushuaia,-54.8,-68.3,53.6,54,20,25.32,AR,few clouds
1265,Luanda,-8.8368,13.2343,80.6,74,40,6.91,AO,scattered clouds
1266,Longyearbyen,78.2186,15.6401,-2.2,55,20,20.71,SJ,few clouds
1267,Qaanaaq,77.484,-69.3632,-7.26,70,91,1.66,GL,overcast clouds
1268,Arica,-18.475,-70.3042,73.4,60,0,18.41,CL,clear sky
1269,Verkhovazhye,60.7472,42.0465,18.5,97,94,6.91,RU,overcast clouds
1270,Maceio,-9.6658,-35.7353,80.6,83,75,8.05,BR,broken clouds
1271,Faya,18.3851,42.4509,57.2,71,0,4.52,SA,clear sky
1272,Longyearbyen,78.2186,15.6401,-2.2,55,20,20.71,SJ,few clouds
1273,Tyup,42.7276,78.3648,16.68,74,41,2.89,KG,scattered clouds
1274,Bredasdorp,-34.5322,20.0403,66.99,83,4,1.99,ZA,clear sky
1275,Qaanaaq,77.484,-69.3632,-7.26,70,91,1.66,GL,overcast clouds
1276,Moyale,3.5167,39.0584,71.06,27,0,11.52,KE,clear sky
1277,Qaanaaq,77.484,-69.3632,-7.26,70,91,1.66,GL,overcast clouds
1278,Dikson,73.5069,80.5464,-35.93,81,0,8.23,RU,clear sky
1279,Luderitz,-26.6481,15.1594,68.23,61,9,25.32,NA,clear sky
1280,Jamestown,42.097,-79.2353,26.01,74,90,2.91,US,overcast clouds
1281,Albany,42.6001,-73.9662,21.0,46,11,5.01,US,few clouds
1282,Dikson,73.5069,80.5464,-35.93,81,0,8.23,RU,clear sky
1283,Ushuaia,-54.8,-68.3,53.6,54,20,25.32,AR,few clouds
1284,Chuy,-33.6971,-53.4616,77.65,66,60,14.58,UY,moderate rain
1285,Parkent,41.2944,69.6764,53.6,24,0,16.11,UZ,clear sky
1286,Georgetown,5.4112,100.3354,80.01,78,20,3.44,MY,few clouds
1287,Nouadhibou,20.931,-17.0347,75.2,46,58,13.8,MR,broken clouds
1288,Bredasdorp,-34.5322,20.0403,66.99,83,4,1.99,ZA,clear sky
1289,Hithadhoo,-0.6,73.0833,82.31,77,45,15.43,MV,scattered clouds
1290,Busselton,-33.65,115.3333,63.0,76,0,4.0,AU,clear sky
1291,Ushuaia,-54.8,-68.3,53.6,54,20,25.32,AR,few clouds
1292,Ushuaia,-54.8,-68.3,53.6,54,20,25.32,AR,few clouds
1293,Khorixas,-20.3667,14.9667,71.96,57,100,6.11,NA,overcast clouds
1294,Dakar,14.6937,-17.4441,69.8,68,100,13.8,SN,overcast clouds
1295,Longyearbyen,78.2186,15.6401,-2.2,55,20,20.71,SJ,few clouds
1296,Ushuaia,-54.8,-68.3,53.6,54,20,25.32,AR,few clouds
1297,Cidreira,-30.1811,-50.2056,78.19,88,100,8.25,BR,moderate rain
1298,Hermanus,-34.4187,19.2345,66.99,83,2,1.99,ZA,clear sky
1299,Ramhormoz,31.28,49.6035,54.32,49,0,8.52,IR,clear sky
1300,Shelburne,44.0787,-80.2041,26.6,73,1,6.91,CA,clear sky
1301,Labytnangi,66.6572,66.4183,-20.38,86,100,7.38,RU,overcast clouds
1302,Albany,42.6001,-73.9662,21.0,46,11,5.01,US,few clouds
1303,Ushuaia,-54.8,-68.3,53.6,54,20,25.32,AR,few clouds
1304,Longyearbyen,78.2186,15.6401,-2.2,55,20,20.71,SJ,few clouds
1305,Nouadhibou,20.931,-17.0347,75.2,46,58,13.8,MR,broken clouds
1306,Ushuaia,-54.8,-68.3,53.6,54,20,25.32,AR,few clouds
1307,Coihaique,-45.5752,-72.0662,73.4,27,20,9.22,CL,few clouds
1308,Thompson,55.7435,-97.8558,14.0,85,75,2.24,CA,light snow
1309,Ushuaia,-54.8,-68.3,53.6,54,20,25.32,AR,few clouds
1310,Ushuaia,-54.8,-68.3,53.6,54,20,25.32,AR,few clouds
1311,Solomenskoye,44.2167,44.3528,36.7,93,80,9.95,RU,broken clouds
1312,Dikson,73.5069,80.5464,-35.93,81,0,8.23,RU,clear sky
1313,Ushuaia,-54.8,-68.3,53.6,54,20,25.32,AR,few clouds
1314,Ushuaia,-54.8,-68.3,53.6,54,20,25.32,AR,few clouds
1315,Chapais,49.7834,-74.8492,-0.4,65,90,8.05,CA,overcast clouds
1316,Upington,-28.4478,21.2561,77.0,25,0,3.44,ZA,clear sky
1317,Skibbereen,51.55,-9.2667,39.2,87,75,12.66,IE,broken clouds
1318,Qaanaaq,77.484,-69.3632,-7.26,70,91,1.66,GL,overcast clouds
1319,Bredasdorp,-34.5322,20.0403,66.99,83,4,1.99,ZA,clear sky
1320,Hermanus,-34.4187,19.2345,66.99,83,2,1.99,ZA,clear sky
1321,Vestmannaeyjar,63.4427,-20.2734,32.0,74,75,12.66,IS,broken clouds
1322,Mineros,-17.1167,-63.2333,84.34,69,93,9.04,BO,overcast clouds
1323,Jamame,0.0722,42.7506,74.12,80,65,10.38,SO,broken clouds
1324,Sorland,67.667,12.6934,31.28,92,55,8.57,NO,broken clouds
1325,Longyearbyen,78.2186,15.6401,-2.2,55,20,20.71,SJ,few clouds
1326,Hermanus,-34.4187,19.2345,66.99,83,2,1.99,ZA,clear sky
1327,Hermanus,-34.4187,19.2345,66.99,83,2,1.99,ZA,clear sky
1328,Upernavik,72.7868,-56.1549,-9.85,85,4,7.05,GL,clear sky
1329,Victoria,22.2855,114.1577,62.01,73,17,16.89,HK,few clouds
1330,Ostrovnoy,68.0531,39.5131,13.68,95,100,9.89,RU,light snow
1331,Bredasdorp,-34.5322,20.0403,66.99,83,4,1.99,ZA,clear sky
1332,Qaanaaq,77.484,-69.3632,-7.26,70,91,1.66,GL,overcast clouds
1333,Dikson,73.5069,80.5464,-35.93,81,0,8.23,RU,clear sky
1334,Longyearbyen,78.2186,15.6401,-2.2,55,20,20.71,SJ,few clouds
1335,Qaanaaq,77.484,-69.3632,-7.26,70,91,1.66,GL,overcast clouds
1336,Ushuaia,-54.8,-68.3,53.6,54,20,25.32,AR,few clouds
1337,Idlib,35.9306,36.6339,44.6,100,75,27.63,SY,broken clouds
1338,Qaanaaq,77.484,-69.3632,-7.26,70,91,1.66,GL,overcast clouds
1339,Corralillo,22.9819,-80.5856,72.28,62,93,15.84,CU,light rain
1340,Rafaela,-31.2503,-61.4867,77.0,68,100,11.99,AR,overcast clouds
1341,Pyaozerskiy,65.8333,31.1667,11.16,96,100,6.29,RU,overcast clouds
1342,Mehamn,71.0357,27.8492,25.25,96,100,22.03,NO,light snow
1343,Lebu,-37.6167,-73.65,62.01,70,8,11.36,CL,clear sky
1344,Qaanaaq,77.484,-69.3632,-7.26,70,91,1.66,GL,overcast clouds
1345,Qaanaaq,77.484,-69.3632,-7.26,70,91,1.66,GL,overcast clouds
1346,Tandur,17.2333,77.5833,69.8,56,0,8.32,IN,clear sky
1347,Hithadhoo,-0.6,73.0833,82.31,77,45,15.43,MV,scattered clouds
1348,Tamala,52.541,43.2515,25.9,98,100,9.48,RU,light snow
1349,Narsaq,60.9167,-46.05,39.2,35,75,35.68,GL,broken clouds
1350,Ushuaia,-54.8,-68.3,53.6,54,20,25.32,AR,few clouds
1351,Qaanaaq,77.484,-69.3632,-7.26,70,91,1.66,GL,overcast clouds
1352,Takoradi,4.8845,-1.7554,80.22,82,66,9.37,GH,broken clouds
1353,Longyearbyen,78.2186,15.6401,-2.2,55,20,20.71,SJ,few clouds
1354,Albany,42.6001,-73.9662,21.0,46,11,5.01,US,few clouds
1355,Longyearbyen,78.2186,15.6401,-2.2,55,20,20.71,SJ,few clouds
1356,Muli,2.9167,73.5667,81.01,78,29,13.73,MV,scattered clouds
1357,Malaut,30.2167,74.4833,48.52,43,0,4.18,IN,clear sky
1358,Longyearbyen,78.2186,15.6401,-2.2,55,20,20.71,SJ,few clouds
1359,Qaanaaq,77.484,-69.3632,-7.26,70,91,1.66,GL,overcast clouds
1360,Bredasdorp,-34.5322,20.0403,66.99,83,4,1.99,ZA,clear sky
1361,Luanda,-8.8368,13.2343,80.6,74,40,6.91,AO,scattered clouds
1362,Saint-Philippe,-21.3585,55.7679,78.8,65,0,3.44,RE,clear sky
1363,Brumado,-14.2036,-41.6653,85.33,42,37,7.99,BR,scattered clouds
1364,Dikson,73.5069,80.5464,-35.93,81,0,8.23,RU,clear sky
1365,Ushuaia,-54.8,-68.3,53.6,54,20,25.32,AR,few clouds
1366,Upernavik,72.7868,-56.1549,-9.85,85,4,7.05,GL,clear sky
1367,Albany,42.6001,-73.9662,21.0,46,11,5.01,US,few clouds
1368,Qaanaaq,77.484,-69.3632,-7.26,70,91,1.66,GL,overcast clouds
1369,Ushuaia,-54.8,-68.3,53.6,54,20,25.32,AR,few clouds
1370,Saint-Philippe,-21.3585,55.7679,78.8,65,0,3.44,RE,clear sky
1371,Bredasdorp,-34.5322,20.0403,66.99,83,4,1.99,ZA,clear sky
1372,Ushuaia,-54.8,-68.3,53.6,54,20,25.32,AR,few clouds
1373,Narsaq,60.9167,-46.05,39.2,35,75,35.68,GL,broken clouds
1374,Antalaha,-14.9003,50.2788,76.55,85,55,3.38,MG,broken clouds
1375,Bredasdorp,-34.5322,20.0403,66.99,83,4,1.99,ZA,clear sky
1376,Vallenar,-28.5708,-70.7581,85.14,24,0,10.0,CL,clear sky
1377,Ushuaia,-54.8,-68.3,53.6,54,20,25.32,AR,few clouds
1378,Hermanus,-34.4187,19.2345,66.99,83,2,1.99,ZA,clear sky
1379,Vryburg,-26.9566,24.7284,71.37,73,71,6.46,ZA,broken clouds
1380,Ushuaia,-54.8,-68.3,53.6,54,20,25.32,AR,few clouds
1381,Yekimovichi,54.1129,33.2965,21.02,98,100,4.29,RU,light snow
1382,Ushuaia,-54.8,-68.3,53.6,54,20,25.32,AR,few clouds
1383,Rosetta,31.4044,30.4164,60.8,59,0,12.66,EG,clear sky
1384,Tessalit,20.1986,1.0114,66.61,19,33,12.84,ML,scattered clouds
1385,Ushuaia,-54.8,-68.3,53.6,54,20,25.32,AR,few clouds
1386,Albany,42.6001,-73.9662,21.0,46,11,5.01,US,few clouds
1387,Bredasdorp,-34.5322,20.0403,66.99,83,4,1.99,ZA,clear sky
1388,Longyearbyen,78.2186,15.6401,-2.2,55,20,20.71,SJ,few clouds
1389,Ushuaia,-54.8,-68.3,53.6,54,20,25.32,AR,few clouds
1390,Ushuaia,-54.8,-68.3,53.6,54,20,25.32,AR,few clouds
1391,Dikson,73.5069,80.5464,-35.93,81,0,8.23,RU,clear sky
1392,Lebu,-37.6167,-73.65,62.01,70,8,11.36,CL,clear sky
1393,Zinder,13.8072,8.9881,69.91,21,16,10.02,NE,few clouds
1394,Qaanaaq,77.484,-69.3632,-7.26,70,91,1.66,GL,overcast clouds
1395,Qaanaaq,77.484,-69.3632,-7.26,70,91,1.66,GL,overcast clouds
1396,Garowe,8.4054,48.4845,65.61,83,0,9.78,SO,clear sky
1397,Upernavik,72.7868,-56.1549,-9.85,85,4,7.05,GL,clear sky
1398,Qaanaaq,77.484,-69.3632,-7.26,70,91,1.66,GL,overcast clouds
1399,Longyearbyen,78.2186,15.6401,-2.2,55,20,20.71,SJ,few clouds
1400,Qaanaaq,77.484,-69.3632,-7.26,70,91,1.66,GL,overcast clouds
1401,Ferrandina,40.5012,16.4547,57.2,67,0,8.05,IT,clear sky
1402,Codrington,-38.2667,141.9667,59.13,71,89,6.49,AU,overcast clouds
1403,Buraydah,26.326,43.975,53.6,62,0,5.75,SA,clear sky
1404,Chuy,-33.6971,-53.4616,77.65,66,60,14.58,UY,moderate rain
1405,Longyearbyen,78.2186,15.6401,-2.2,55,20,20.71,SJ,few clouds
1406,Georgetown,5.4112,100.3354,80.01,78,20,3.44,MY,few clouds
1407,Busselton,-33.65,115.3333,63.0,76,0,4.0,AU,clear sky
1408,Hofn,64.2539,-15.2082,20.73,87,98,21.47,IS,overcast clouds
1409,Kismayo,-0.3582,42.5454,76.66,76,50,14.12,SO,scattered clouds
1410,Dikson,73.5069,80.5464,-35.93,81,0,8.23,RU,clear sky
1411,Albany,42.6001,-73.9662,21.0,46,11,5.01,US,few clouds
1412,Aquiraz,-3.9014,-38.3911,84.2,70,0,9.22,BR,clear sky
1413,Karlskrona,56.1616,15.5866,21.2,93,55,3.44,SE,broken clouds
1414,Narsaq,60.9167,-46.05,39.2,35,75,35.68,GL,broken clouds
